,player,team,pos,g,mp,per,ts_percent,e_fg_percent,x3p_ar,f_tr,orb_percent,trb_percent,ast_percent,stl_percent,blk_percent,tov_percent,usg_percent,o_rtg,d_rtg,ows,dws,ws,ws_40,year
1,A'ja Wilson,LVA,C,36,1080,28.2,0.585,0.531,0.16,0.36,7,17.6,12.3,2.4,5.8,9.2,27.3,115,97,4.1,2.4,6.5,0.241,2022
2,A'ja Wilson,LVA,C,40,1228,32.9,0.627,0.565,0.048,0.478,8.2,17.9,9.2,2.2,6,7.9,28.9,123,93,6.8,3.5,10.4,0.338,2023
3,A'ja Wilson,LVA,C,38,1308,34.9,0.591,0.531,0.081,0.37,7.2,19.9,14.1,2.6,6.3,5.3,32.2,119,92,7,3.8,10.9,0.332,2024
4,A'ja Wilson,LVA,C,18,551,32.1,0.576,0.493,0.092,0.521,6.3,17.5,23.9,2.6,6.7,11,32.2,113,97,2.3,1.3,3.6,0.26,2025
5,AD Durr,ATL,G,25,368,12.6,0.514,0.47,0.375,0.257,2.2,4.7,15.1,1.2,1,11.5,23.1,100,107,0.3,0.3,0.6,0.06,2022
6,AD Durr,ATL,G,36,392,9.1,0.48,0.439,0.362,0.239,0.9,5.4,11.1,1.3,0.6,13.5,23.2,89,106,-0.4,0.4,-0.1,-0.008,2023
7,Aaliyah Edwards,WAS,F,34,741,13.4,0.526,0.49,0.033,0.381,7.6,15.4,11.1,1.7,3.4,16.9,18.1,99,101,0.3,1.2,1.6,0.085,2024
8,Aaliyah Edwards,WAS,F,18,259,15.1,0.532,0.494,0.08,0.552,10.5,14.6,5.9,2,1.9,16.3,22.4,98,101,0.1,0.5,0.5,0.085,2025
9,Aaliyah Nye,LVA,G-F,22,397,8,0.559,0.54,0.646,0.131,1.8,4.7,5.2,0.9,1.1,11.8,13.5,103,110,0.3,0.1,0.4,0.039,2025
10,Aari McDonald,ATL,G,36,876,14.4,0.548,0.486,0.445,0.317,2,5.4,18.8,3,0.1,17.5,22.2,101,103,0.8,1.3,2,0.092,2022
11,Aari McDonald,ATL,G,24,565,10.2,0.518,0.479,0.476,0.256,1.2,4.8,21.1,1.3,0,17.6,17.2,98,107,0.2,0.5,0.6,0.043,2023
12,Aari McDonald,LAS,G,26,568,13.8,0.529,0.479,0.476,0.267,2.5,5.5,29.9,2,0.9,18.4,20.5,101,110,0.5,0.2,0.7,0.049,2024
13,Aari McDonald,IND,G,12,301,13.8,0.517,0.465,0.529,0.365,2.4,4.8,26.2,2.2,0.6,15.4,17.5,109,105,0.5,0.3,0.9,0.114,2025
14,Abby Meyers,WAS,G,9,36,8.8,0.454,0.385,0.308,0.231,3.2,6.5,0,1.4,5.2,6.5,19.5,89,102,0,0.1,0,0.027,2023
15,Aerial Powers,MIN,G,35,943,16,0.493,0.423,0.243,0.367,5.7,10,18.6,2.3,1.1,14.8,28.5,97,106,0.4,0.9,1.3,0.055,2022
16,Aerial Powers,MIN,G,20,195,14.3,0.507,0.446,0.207,0.261,3.6,10.7,14.4,0.8,0.9,14.9,28,94,109,-0.1,0.1,0,0.003,2023
17,Aerial Powers,ATL,G,17,304,14.3,0.465,0.406,0.261,0.312,5.5,10.5,15,2.7,1.2,10.3,26,96,101,0,0.5,0.5,0.068,2024
18,Aerial Powers,GSV,G,2,7,23.5,0.347,0,0,1,16.1,16.2,21.2,7.4,0,0,18.5,111,89,0,0,0,0.229,2025
19,Aisha Sheppard,LVA,G,23,174,1.8,0.384,0.345,0.786,0.19,4,4.5,5.4,1.4,0.5,13.3,13.5,81,109,-0.2,0.1,-0.2,-0.04,2022
20,Alaina Coates,IND,C,8,75,15.6,0.795,0.636,0,1.364,8.8,12.4,4.4,1.3,3.4,22.1,13,134,110,0.3,0,0.3,0.172,2022
21,Alaina Coates,LVA,C,12,35,4.5,0.709,0.833,0,0.667,7,16.5,0,4.3,0,47.4,19,67,94,-0.1,0.1,0,-0.051,2023
22,Alanna Smith,IND,F,9,116,10.7,0.433,0.405,0.595,0.167,7.6,12.1,7.4,3.4,4.4,15.1,19.8,86,104,-0.2,0.1,0,-0.009,2022
23,Alanna Smith,CHI,F,38,1007,17.1,0.58,0.555,0.385,0.306,8,14.6,10.7,2.5,4.1,15.7,15.8,110,101,1.8,1.8,3.5,0.14,2023
24,Alanna Smith,MIN,F,39,1035,18.1,0.575,0.546,0.378,0.231,7.1,12.3,19.8,2.6,4.8,18.1,18.7,108,93,1.8,2.9,4.7,0.183,2024
25,Alanna Smith,MIN,F,23,611,18.3,0.555,0.563,0.489,0.185,7.2,12,16.8,2.2,7.5,15.3,17.6,107,94,0.9,1.7,2.6,0.172,2025
26,Alexis Prince,PHO,F,1,22,-1.5,0.333,0.333,0.333,0,0,20.9,6.5,0,0,50,12.2,40,99,-0.1,0,-0.1,-0.133,2025
27,Alissa Pili,MIN,F,22,138,4.8,0.532,0.522,0.6,0.244,5.3,11.4,6,1.9,1.3,27.6,23,78,97,-0.4,0.3,-0.1,-0.027,2024
28,Alissa Pili,MIN,F,14,82,8.3,0.568,0.545,0.5,0.182,5.8,12.1,5.6,1.3,0,22.8,17.2,92,100,0,0.2,0.1,0.059,2025
29,Aliyah Boston,IND,F-C,40,1249,23.2,0.619,0.583,0.025,0.36,11.9,16.3,12.7,2.2,3.6,13.8,19.4,120,104,4.5,1.5,6,0.192,2023
30,Aliyah Boston,IND,F-C,40,1236,20.4,0.566,0.537,0.058,0.247,10.7,16.8,17.3,1.4,3.5,13.8,20.6,114,107,3.6,0.9,4.5,0.147,2024
31,Aliyah Boston,IND,F-C,23,686,24.7,0.614,0.571,0.071,0.335,8.7,15.1,22.2,1.2,3.3,9.9,21.2,126,101,3.4,1.1,4.5,0.264,2025
32,Allie Quigley,CHI,G,34,895,15.2,0.569,0.51,0.464,0.263,2.6,5.7,16.3,1.4,0.6,11.7,19.5,111,105,2,0.9,2.9,0.129,2022
33,Allisha Gray,DAL,G,33,1086,16,0.562,0.516,0.455,0.301,3.1,8.8,12.8,1.8,2,9.7,17.8,115,107,2.7,0.9,3.5,0.13,2022
34,Allisha Gray,ATL,G,38,1244,18.8,0.578,0.51,0.251,0.435,4.2,8.4,17.3,1.6,1,11.2,22.2,113,105,3.5,1.4,5,0.161,2023
35,Allisha Gray,ATL,G,40,1327,16,0.526,0.471,0.397,0.365,3.7,7.5,15.1,1.6,2,10.2,22.4,106,104,2.3,1.5,3.8,0.113,2024
36,Allisha Gray,ATL,G,22,781,19.9,0.595,0.528,0.473,0.456,3.3,9,19.6,1.3,1.1,10.1,21.8,120,103,3,1.2,4.2,0.216,2025
37,Alysha Clark,WAS,F,29,766,12.7,0.565,0.541,0.505,0.117,3.5,10.2,12.7,1.8,1,15.6,14.7,105,99,0.8,1.5,2.3,0.122,2022
38,Alysha Clark,LVA,F,39,876,10.7,0.592,0.568,0.644,0.161,3,8.8,6.5,1.4,0.6,11.3,12.7,112,102,1.3,1.3,2.6,0.118,2023
39,Alysha Clark,LVA,F,40,972,9.1,0.587,0.565,0.656,0.146,2.6,8.6,10.5,1.7,1,21.2,12.3,100,103,0.5,1.3,1.8,0.074,2024
40,Alysha Clark,SEA,F,22,414,7.4,0.52,0.487,0.628,0.167,2.3,7.5,6.7,2.2,0.4,15.2,10.9,97,103,0,0.6,0.6,0.062,2025
41,Alyssa Thomas,CON,F,36,1154,20.3,0.549,0.5,0.005,0.394,8,15.5,30.1,2.7,0.6,18.9,20.6,111,96,3,2.7,5.8,0.2,2022
42,Alyssa Thomas,CON,F,40,1446,20.8,0.52,0.474,0.006,0.363,6.6,16.3,37.8,2.6,1.2,18.7,23,106,97,2.8,3.3,6.1,0.169,2023
43,Alyssa Thomas,CON,F,40,1296,19.8,0.543,0.509,0.012,0.445,9.2,16.1,40.9,2.5,1.3,27.1,19.1,105,94,2.2,3.4,5.5,0.17,2024
44,Alyssa Thomas,PHO,F,17,528,24.6,0.553,0.517,0.01,0.35,5.7,13.5,56.6,2.3,1.5,19.8,24.8,113,99,1.9,1.1,2.9,0.223,2025
45,Amanda Zahui B.,IND,C,34,253,3.2,0.362,0.3,0.529,0.286,3.3,9,5.9,1.2,6.6,16,16.7,73,104,-0.7,0.3,-0.4,-0.059,2023
46,Amy Atwell,LAS,F,4,32,-6.1,0.167,0.167,0.667,0,3.7,3.8,8.8,0,0,18.2,15.5,44,118,-0.2,0,-0.2,-0.274,2022
47,Amy Atwell,PHO,F,6,59,8.3,0.436,0.367,0.867,0.333,6.1,5.9,15.5,0,1.5,10.4,14.9,101,116,0,0,0,0.002,2024
48,Anastasiia Kosu,MIN,F,11,26,20.1,0.512,0.417,0.083,0.5,18.3,9,6.6,2,7,17,31.1,99,100,0,0,0.1,0.102,2025
49,Aneesah Morrow,CON,F,19,291,15.4,0.469,0.409,0.238,0.341,10.5,18.4,7.8,2.3,2.3,12.7,26.2,93,109,-0.2,0.1,0,-0.004,2025
50,Angel McCoughtry,MIN,F-G,2,20,20.9,0.564,0.375,0.125,0.75,0,17.4,16.7,2.6,9.1,22,30.5,98,94,0,0.1,0.1,0.135,2022
51,Angel Reese,CHI,F,34,1104,17.6,0.464,0.395,0.038,0.425,16.9,23,9.6,2,1.3,13.1,22.7,101,102,1.1,1.6,2.7,0.098,2024
52,Angel Reese,CHI,F,21,666,19,0.526,0.455,0.082,0.446,13.6,22.6,21.3,2.4,1.7,22.3,23.6,100,104,0.5,0.9,1.4,0.082,2025
53,Anneli Maley,CHI,F,4,44,12.9,0.667,0.667,0.5,0,8.7,9.4,9.2,3.4,1.8,14.3,7.2,133,99,0.1,0.1,0.2,0.169,2022
54,Arella Guirantes,SEA,G,9,47,4.8,0.33,0.281,0.375,0.313,2.4,7.2,10.5,1.1,7.2,14.2,20,69,105,-0.2,0.1,-0.1,-0.11,2023
55,Ariel Atkins,WAS,G,36,1081,16.4,0.543,0.5,0.436,0.234,3.7,6.4,13.9,2.4,0.8,9.5,22.9,107,99,2,2,4.1,0.151,2022
56,Ariel Atkins,WAS,G,27,679,16,0.554,0.498,0.494,0.271,3,7.2,15.8,2.4,1.2,11.1,21.3,106,103,1.1,1,2.1,0.125,2023
57,Ariel Atkins,WAS,G,40,1196,15.9,0.552,0.516,0.445,0.199,3.5,6.8,19.2,2.5,1.3,14.5,24,102,104,1.4,1.4,2.8,0.093,2024
58,Ariel Atkins,CHI,G,21,624,16.4,0.539,0.483,0.329,0.292,2.6,6,21.6,3.2,2.8,16.1,22.7,103,108,0.8,0.4,1.2,0.077,2025
59,Arike Ogunbowale,DAL,G,30,941,19.9,0.523,0.481,0.463,0.243,2.2,6.3,22,2.5,0.3,8.7,29.3,108,107,2.4,0.7,3.1,0.13,2022
60,Arike Ogunbowale,DAL,G,40,1489,16.7,0.518,0.475,0.453,0.203,1.4,5.1,20.1,2.3,0.2,11.4,26.2,107,108,3.2,1,4.2,0.113,2023
61,Arike Ogunbowale,DAL,G,38,1465,18.6,0.52,0.46,0.444,0.261,2.3,7,22.4,2.8,0.6,11.2,26.8,108,114,3.7,-0.4,3.3,0.089,2024
62,Arike Ogunbowale,DAL,G,20,676,12.5,0.475,0.407,0.4,0.264,1,4.3,20.2,2.2,0.8,12.3,23.8,99,113,0.4,0,0.4,0.024,2025
63,Ashley Joens,PHO,G,19,127,5.9,0.505,0.5,0.639,0.167,0,5.3,1.3,1.2,0,11.5,15.8,87,113,-0.1,0,-0.1,-0.037,2023
64,Astou Ndour-Fall,CON,C-F,22,92,6.8,0.436,0.385,0.385,0.231,2.6,12.1,1.7,0.6,4.1,9.5,15.9,87,97,-0.1,0.2,0.1,0.053,2024
65,Awak Kuier,DAL,F,33,416,12.1,0.457,0.419,0.244,0.36,6.4,11.9,10.6,1.6,6.2,16,12.7,97,103,0.1,0.5,0.6,0.059,2022
66,Awak Kuier,DAL,F,37,399,10.3,0.462,0.407,0.253,0.297,6.4,13.4,7,0.9,5.3,17.6,13.2,95,105,0,0.5,0.4,0.044,2023
67,Aziaha James,DAL,G,19,382,14,0.498,0.444,0.408,0.268,4.3,8.1,17.5,1.9,1.2,12.7,20.4,104,112,0.4,0,0.5,0.051,2025
68,Azura Stevens,CHI,F-C,35,768,16.6,0.553,0.538,0.365,0.123,3.5,10.6,5.9,1.1,3.9,7.2,21.4,105,101,1,1.3,2.3,0.12,2022
69,Azura Stevens,LAS,F-C,35,910,13.8,0.479,0.451,0.295,0.165,6.9,13.7,8.1,2.3,3.3,11.6,22.5,92,100,-0.6,1.7,1.2,0.052,2023
70,Azura Stevens,LAS,F-C,20,493,14.1,0.506,0.478,0.449,0.152,4.9,17.1,13.9,1.7,3.2,15.9,20.4,93,104,-0.1,0.6,0.5,0.037,2024
71,Azura Stevens,LAS,F-C,22,639,23.3,0.619,0.588,0.414,0.284,8.9,18.3,12.2,2.6,4.2,12.4,21,117,104,2.1,0.9,2.9,0.182,2025
72,Beatrice Mompremier,ATL,F,21,175,10,0.453,0.455,0,0.295,13.1,19.6,7.6,0.6,6.5,23.2,16.3,86,99,-0.2,0.3,0.1,0.028,2022
73,Bernadett Hatar,CON,C,6,47,5.4,0.375,0.375,0,0,7.6,11.5,3.4,4.4,3.9,20,19.3,69,94,-0.2,0.1,0,-0.04,2023
74,Betnijah Laney-Hamilton,NYL,G-F,9,255,8.5,0.52,0.483,0.322,0.178,0.5,6.8,17.4,0.8,0.3,19.8,21.8,90,108,-0.2,0.2,-0.1,-0.013,2022
75,Betnijah Laney-Hamilton,NYL,G-F,40,1201,13.8,0.596,0.574,0.382,0.167,3,6.2,12.8,1.4,0.3,14.8,18.7,109,105,2,1.4,3.4,0.114,2023
76,Betnijah Laney-Hamilton,NYL,G-F,28,848,13.8,0.575,0.534,0.388,0.202,4.2,8,17.5,1.9,0.1,18.7,18.7,105,101,1.2,1.4,2.6,0.121,2024
77,Breanna Stewart,SEA,F,34,1052,28.5,0.592,0.534,0.328,0.363,4.9,14,17.9,2.6,2.5,6.4,28.9,119,96,4.9,2.5,7.4,0.283,2022
78,Breanna Stewart,NYL,F,40,1365,28.6,0.585,0.525,0.34,0.354,5.6,15.5,19.5,2.2,3.8,6.9,27.5,122,96,7,3.3,10.3,0.302,2023
79,Breanna Stewart,NYL,F,38,1243,26.4,0.569,0.498,0.27,0.412,5.8,15,19.4,2.6,3.3,8.7,27.1,117,94,5.4,3.4,8.7,0.281,2024
80,Breanna Stewart,NYL,F,21,685,24.1,0.571,0.497,0.209,0.465,3.5,11.9,22,2.1,4,11,27,113,98,2.3,1.5,3.9,0.226,2025
81,Bree Hall,GSV,G,2,8,-6.2,0.452,0.5,0.5,1.5,0,14.2,0,0,0,37.6,29.9,52,102,-0.1,0,-0.1,-0.33,2025
82,Bria Hartley,CON,G,13,123,8.5,0.492,0.473,0.459,0.162,0.9,5.7,18.5,1.6,0,20.1,17.5,91,110,-0.1,0,0,-0.009,2022
83,Bria Hartley,CON,G,22,503,10.5,0.489,0.429,0.517,0.29,1.3,5.3,25,2,0,16.4,21.7,94,117,-0.1,-0.3,-0.5,-0.036,2025
84,Briann January,SEA,G,36,608,6.9,0.507,0.471,0.607,0.189,1.3,3.4,20.5,1.9,1.1,28.6,13.9,89,104,-0.4,0.8,0.4,0.023,2022
85,Brianna Turner,PHO,F-C,35,1168,11.3,0.603,0.607,0,0.268,7,12,10.6,1.9,4.2,28.5,6.9,111,105,1.1,1.3,2.4,0.082,2022
86,Brianna Turner,PHO,F-C,40,1052,9.9,0.646,0.65,0,0.117,6,14.9,7.4,1.9,3.5,35.7,7.5,97,106,0.1,1.1,1.1,0.043,2023
87,Brianna Turner,CHI,F-C,27,253,9,0.614,0.615,0,0.077,4.7,11.9,5.8,1.8,4.5,30.9,6.7,96,103,0,0.3,0.4,0.058,2024
88,Brianna Turner,IND,F-C,14,57,-2,0.23,0.2,0,0.2,8.6,12.6,7.1,0,1.6,31.5,12.6,57,107,-0.2,0.1,-0.2,-0.123,2025
89,Bridget Carleton,MIN,F,36,606,8.8,0.533,0.507,0.615,0.193,2.4,7.4,10,1.3,0.7,13.7,12.4,105,108,0.5,0.3,0.8,0.056,2022
90,Bridget Carleton,MIN,F,38,573,7.7,0.49,0.471,0.748,0.126,3.9,9,9,1.2,0.5,11.3,11.2,102,110,0.3,0.2,0.5,0.036,2023
91,Bridget Carleton,MIN,F,39,1164,13.5,0.62,0.604,0.722,0.134,3.8,7.3,11.7,1.7,0.9,11.7,13.5,117,100,2.5,2.1,4.5,0.156,2024
92,Bridget Carleton,MIN,F,24,704,10.3,0.511,0.497,0.627,0.087,3.6,7.1,13.1,1.8,0.9,11.4,11.4,109,101,0.8,1.2,2,0.115,2025
93,Brionna Jones,CON,F,36,905,23.6,0.633,0.569,0.018,0.45,13.1,12.5,8.5,2.5,1.3,12.1,21.5,125,99,4.2,1.8,6,0.265,2022
94,Brionna Jones,CON,F,13,412,22.9,0.625,0.579,0.029,0.414,11.9,15.4,13.6,3,1.5,14.9,21.4,117,98,1.4,0.9,2.3,0.225,2023
95,Brionna Jones,CON,F,40,1087,21.2,0.581,0.54,0.034,0.355,9.6,12.6,10.5,2.2,2,9.7,22.3,115,96,3.5,2.5,6,0.222,2024
96,Brionna Jones,ATL,F,22,641,20.9,0.575,0.532,0.136,0.357,12.1,15.3,15.4,1.9,1.5,11.7,20.4,118,100,2.2,1.2,3.4,0.211,2025
97,Brittney Griner,PHO,C,31,856,25.1,0.603,0.561,0.023,0.348,5.7,14.1,17.6,1,4.9,12.8,28.2,110,107,2.4,0.7,3.1,0.146,2023
98,Brittney Griner,PHO,C,30,861,26,0.625,0.591,0.048,0.296,7.5,13.3,17.1,1,4.8,11,25.6,117,107,3.4,0.6,4,0.187,2024
99,Brittney Griner,ATL,C,20,467,14,0.551,0.512,0.067,0.319,4.7,14.2,6.2,0.2,4.7,16.6,21.5,97,100,0.1,0.9,1,0.085,2025
100,Brittney Sykes,LAS,G,32,921,15.7,0.505,0.453,0.148,0.322,3,7.8,22.2,3.6,2.2,17.3,23.8,95,106,-0.1,0.8,0.7,0.03,2022
101,Brittney Sykes,WAS,G,40,1252,18.6,0.54,0.492,0.307,0.293,3.5,9.3,22.7,3.4,1,14,25,102,100,1.5,2.4,3.9,0.125,2023
102,Brittney Sykes,WAS,G,18,419,15.1,0.49,0.445,0.295,0.28,3.1,10.4,24.9,1.9,1.6,15.1,28.6,93,103,-0.2,0.6,0.3,0.033,2024
103,Brittney Sykes,WAS,G,19,606,15.4,0.513,0.416,0.203,0.586,2,6.7,26.2,1.6,1,15.5,27.7,100,104,0.5,0.8,1.3,0.085,2025
104,Caitlin Bickle,CON,F,8,15,-10.1,0,0,1,0,0,0,0,0,0,0,9.2,0,107,-0.1,0,-0.1,-0.19,2024
105,Caitlin Clark,IND,G,40,1416,18.8,0.583,0.522,0.612,0.31,1.2,9.4,39.1,1.9,1.7,25.3,27.7,103,109,2.3,0.7,3,0.086,2024
106,Caitlin Clark,IND,G,13,404,17.2,0.491,0.441,0.531,0.255,0.3,9.6,47.9,2.7,1.6,23.2,31.7,94,100,-0.2,0.7,0.5,0.054,2025
107,Cameron Brink,LAS,F,15,329,12.9,0.496,0.447,0.301,0.243,6.6,14.6,13.2,2.5,9.2,23,20.1,87,99,-0.4,0.6,0.2,0.023,2024
108,Candace Parker,CHI,F-C,32,904,19.8,0.555,0.519,0.389,0.219,4.2,18.1,25.4,1.7,2.7,17,23,105,97,1.5,2.1,3.5,0.156,2022
109,Candace Parker,LVA,F-C,18,425,19.7,0.573,0.531,0.395,0.217,4.6,13.2,22.6,3.1,3.1,18,18.2,111,95,0.9,1.1,2.1,0.193,2023
110,Carla Leite,GSV,G,16,259,9.6,0.471,0.392,0.392,0.34,2.2,4.4,22.4,2,0.8,18.3,23.7,91,104,-0.2,0.3,0.1,0.016,2025
111,Cayla George,LVA,C-F,32,273,1.8,0.356,0.361,0.615,0.029,6.8,12.3,6.5,1.8,1.5,20.4,21.8,68,100,-1.2,0.5,-0.7,-0.106,2023
112,Cecilia Zandalasini,MIN,F,40,487,11.2,0.569,0.557,0.473,0.196,1.2,5.5,14.5,1.6,1.6,16.2,18.2,100,100,0.3,0.9,1.2,0.096,2024
113,Cecilia Zandalasini,GSV,F,8,164,13.9,0.581,0.534,0.621,0.224,1.4,5.5,11.6,1.9,1.3,12.4,19.9,108,103,0.3,0.2,0.5,0.125,2025
114,Celeste Taylor,PHO,G,22,328,6,0.415,0.387,0.484,0.29,2.2,5,12.9,2.3,2.8,23.9,12.9,78,109,-0.6,0.2,-0.4,-0.049,2024
115,Charisma Osborne,PHO,G,2,10,-3.5,0.5,0.5,0,0,0,5.8,16,0,0,50,18.4,56,115,-0.1,0,-0.1,-0.248,2024
116,Charli Collier,DAL,C,17,78,3.9,0.513,0.444,0.074,0.519,6,7.7,4.4,0.7,0,23.2,24.7,86,111,-0.1,0,-0.1,-0.068,2022
117,Chelsea Gray,LVA,G,35,1039,20.6,0.584,0.536,0.268,0.239,1.1,6,32.5,2.7,0.9,16.3,21.1,113,105,3.1,1.2,4.3,0.164,2022
118,Chelsea Gray,LVA,G,40,1288,21.8,0.603,0.56,0.331,0.233,1.1,7.1,34,2.2,1.6,16.6,21.2,117,100,4.6,2.3,7,0.216,2023
119,Chelsea Gray,LVA,G,27,702,14,0.513,0.471,0.374,0.233,0.8,6.5,28.9,2.4,2.3,22,19.1,97,101,0.2,1.2,1.3,0.074,2024
120,Chelsea Gray,LVA,G,22,668,15,0.576,0.52,0.459,0.288,2.6,8,26.4,2.2,1.8,24.3,20.6,100,106,0.4,0.7,1.1,0.067,2025
121,Chennedy Carter,LAS,G,24,393,13.7,0.5,0.455,0.053,0.291,2.7,7,22.2,1.9,2.1,16.8,29.5,91,110,-0.4,0.1,-0.3,-0.028,2022
122,Chennedy Carter,CHI,G,33,858,21.2,0.53,0.496,0.063,0.258,2.8,7.8,25.6,2.1,0.6,9.2,30.6,107,106,2.1,0.7,2.8,0.133,2024
123,Cheyenne Parker-Tyus,ATL,F,36,942,17.5,0.551,0.517,0.156,0.222,7.2,13.7,14.3,2,3.2,15.9,21.5,103,100,1.1,1.8,2.9,0.122,2022
124,Cheyenne Parker-Tyus,ATL,F,40,1066,21,0.55,0.498,0.112,0.304,9.2,14.1,13.2,2,4.7,14.3,26.1,104,99,1.6,2.1,3.7,0.139,2023
125,Cheyenne Parker-Tyus,ATL,F,25,492,15.3,0.53,0.452,0.075,0.374,7,14,14.5,2.2,1.7,19.3,24.8,96,100,0,0.8,0.9,0.072,2024
126,Chiney Ogwumike,LAS,F-C,26,478,15,0.534,0.493,0.122,0.345,13,18.2,9.8,2.1,1.7,17.8,19.6,101,107,0.4,0.4,0.8,0.068,2022
127,Chiney Ogwumike,LAS,F-C,10,212,12.7,0.476,0.437,0.165,0.266,7.7,12.2,11.2,3.1,1.3,12,21.6,94,100,-0.1,0.4,0.3,0.065,2023
128,Chloe Bibby,GSV,F,5,66,19.7,0.574,0.556,0.704,0.074,5.1,12,9,2.4,0,0,19,124,100,0.2,0.1,0.4,0.219,2025
129,Courtney Vandersloot,CHI,G,32,849,20.1,0.576,0.532,0.279,0.346,3.4,8.7,37.6,2.3,1.5,21.1,22.1,109,101,2.1,1.4,3.5,0.164,2022
130,Courtney Vandersloot,NYL,G,39,1187,16.7,0.521,0.493,0.346,0.184,1.9,6.5,40,2.2,1.6,20.9,18.6,110,102,2.6,1.9,4.5,0.151,2023
131,Courtney Vandersloot,NYL,G,31,691,13.2,0.503,0.495,0.368,0.17,2.2,6.8,33.1,1.9,1.9,22.3,16.4,103,100,0.7,1.2,1.9,0.111,2024
132,Courtney Vandersloot,CHI,G,7,191,15.7,0.516,0.477,0.348,0.197,1.2,6.5,34.6,2.9,1,19.2,20.4,102,109,0.2,0.1,0.3,0.056,2025
133,Courtney Williams,CON,G,34,950,13.6,0.47,0.455,0.168,0.093,3.9,10,18.9,1.8,1.4,12.4,21.2,99,100,0.6,1.8,2.4,0.1,2022
134,Courtney Williams,CHI,G,40,1204,15.4,0.5,0.495,0.263,0.062,3.6,11.8,33.8,1.6,0.8,19.1,19,102,105,1.1,1.3,2.4,0.079,2023
135,Courtney Williams,MIN,G,40,1061,15.1,0.487,0.469,0.158,0.096,1.6,10.2,37,1.7,1.3,17.7,24.1,97,97,0.3,2.4,2.7,0.101,2024
136,Courtney Williams,MIN,G,24,684,19.3,0.501,0.481,0.295,0.099,2.4,10.7,36.5,2.9,0.9,14.7,26.4,102,96,0.9,1.7,2.6,0.152,2025
137,Crystal Bradford,LVA,F,4,24,7.2,0.333,0.333,0.333,0,9.7,12.2,6.9,4.3,0,14.3,13.2,79,102,0,0,0,-0.003,2025
138,Crystal Dangerfield,NYL,G,33,711,9.7,0.497,0.467,0.428,0.205,2.3,5.4,19.4,1.3,0.5,14.6,13.6,102,109,0.5,0.4,0.9,0.05,2022
139,Crystal Dangerfield,DAL,G,35,973,11.5,0.492,0.473,0.332,0.096,3.1,5.9,16.2,1.7,0.6,12.3,14.4,107,109,1.1,0.5,1.6,0.066,2023
140,Crystal Dangerfield,LAS,G,33,441,6,0.383,0.347,0.473,0.13,0.5,4.5,23,1.3,1.2,15.8,16.7,83,109,-0.7,0.2,-0.5,-0.048,2024
141,Cyesha Goree,WAS,F,10,116,10.3,0.556,0.516,0.438,0.219,6.9,6.1,1.5,1.3,0.8,10.2,15.4,106,107,0.1,0.1,0.2,0.077,2023
142,Damiris Dantas,MIN,C-F,15,262,7.3,0.407,0.391,0.663,0.065,4.6,12.6,16.6,0.6,0.3,14.5,18.9,87,108,-0.3,0.2,-0.1,-0.022,2022
143,Damiris Dantas,IND,C-F,20,210,13.7,0.561,0.547,0.446,0.162,2.3,12,9.3,1.2,2.1,13.1,19.3,103,109,0.2,0.1,0.3,0.059,2024
144,Damiris Dantas,IND,C-F,18,235,9.7,0.486,0.429,0.541,0.259,7.3,11.9,6.6,1.1,1.2,12.9,20.8,97,104,0.1,0.3,0.3,0.059,2025
145,Dana Evans,CHI,G,33,378,9.6,0.504,0.462,0.515,0.192,1.7,4.2,16,1.3,0.6,16.1,20.2,95,106,0,0.3,0.3,0.034,2022
146,Dana Evans,CHI,G,39,837,11.8,0.485,0.425,0.444,0.276,1,3.3,22.6,1.6,0.4,14.4,22.5,97,109,0.2,0.4,0.6,0.029,2023
147,Dana Evans,CHI,G,39,743,11.4,0.509,0.458,0.433,0.198,0.7,3.3,20.6,1.8,0.6,16.2,19.3,99,109,0.4,0.3,0.7,0.04,2024
148,Dana Evans,LVA,G,22,379,10.6,0.473,0.434,0.365,0.219,1.2,2.9,19,1.5,0.7,10.7,20.1,97,110,0.1,0.1,0.2,0.021,2025
149,Danielle Robinson,IND,G,31,732,12.2,0.501,0.441,0.197,0.296,1.8,7.1,27.6,1.5,0.6,18.2,16.6,101,112,0.5,0,0.5,0.027,2022
150,Danielle Robinson,ATL,G,32,690,10.7,0.534,0.49,0.201,0.312,1.3,5.6,24,1.6,0.4,19.7,13.8,103,106,0.5,0.7,1.2,0.071,2023
151,DeWanna Bonner,CON,G-F,33,991,16.9,0.554,0.504,0.394,0.293,3.2,9.6,14.5,2.1,1,11.5,20,113,99,2.4,1.9,4.4,0.177,2022
152,DeWanna Bonner,CON,G-F,40,1203,20.7,0.555,0.494,0.416,0.33,3.5,11.1,13.1,1.8,1.9,8.5,25.9,110,100,3.2,2.2,5.4,0.178,2023
153,DeWanna Bonner,CON,G-F,40,1271,16.8,0.524,0.472,0.386,0.28,2.1,11.6,11.2,2,2,8.9,22.9,104,96,1.9,3.1,4.9,0.155,2024
154,DeWanna Bonner,PHO,G-F,12,272,15.8,0.552,0.488,0.42,0.37,2.6,11.3,11.5,2.4,0.3,9.6,17.2,112,101,0.5,0.5,1,0.15,2025
155,Dearica Hamby,LVA,F,34,901,13.6,0.543,0.498,0.293,0.373,6.1,15,6.2,2,0.5,14.7,16.8,103,103,0.8,1.2,2.1,0.092,2022
156,Dearica Hamby,LAS,F,40,990,12.8,0.491,0.446,0.134,0.418,6,14.4,12.5,1.7,1.1,13.8,19.4,96,102,0,1.6,1.6,0.065,2023
157,Dearica Hamby,LAS,F,40,1346,19.2,0.566,0.541,0.168,0.379,5.4,16.5,20.6,2.5,0.5,16.2,24.1,103,104,1.9,1.5,3.4,0.101,2024
158,Dearica Hamby,LAS,F,22,708,22.5,0.579,0.555,0.121,0.456,10.3,14.3,22.4,3,1.6,15.7,24.7,111,107,2,0.6,2.5,0.143,2025
159,Destanni Henderson,IND,G,36,589,11.2,0.5,0.475,0.401,0.181,5,5.6,25.9,2.3,0.4,23.9,18.5,93,112,-0.2,0,-0.3,-0.018,2022
160,Destanni Henderson,PHO,G,15,200,7.2,0.43,0.36,0.421,0.368,1.8,3.7,22.1,1.8,0.5,17.4,18.4,87,107,-0.3,0.2,-0.1,-0.019,2023
161,Destanni Henderson,ATL,G,6,105,4,0.374,0.362,0.345,0.241,0,6.5,24.1,1,0.9,23.8,18.1,72,106,-0.3,0.1,-0.3,-0.096,2024
162,Destiny Slocum,ATL,G,3,41,4.4,0.53,0.5,0.818,0.455,0,5.7,15.8,0,0,27.5,19.6,85,109,-0.1,0,0,-0.043,2022
163,DiDi Richards,NYL,G-F,14,155,3.8,0.396,0.347,0.306,0.278,3.9,8.9,20.1,0.3,2.7,24.3,15.8,81,107,-0.3,0.1,-0.2,-0.042,2022
164,DiDi Richards,WAS,G-F,19,198,6.7,0.41,0.4,0.08,0.28,5.9,8.8,10.6,0.5,1.9,11.1,14.5,89,108,-0.1,0.1,0,-0.002,2024
165,DiJonai Carrington,CON,G-F,36,631,11.1,0.516,0.461,0.305,0.374,7.5,10.7,9.2,2.4,0.4,20,20.5,96,99,0,1.2,1.3,0.081,2022
166,DiJonai Carrington,CON,G-F,32,550,14.2,0.518,0.469,0.278,0.332,5.9,10,12.9,1.9,0.5,12.3,24.1,101,102,0.5,0.8,1.3,0.097,2023
167,DiJonai Carrington,CON,G-F,39,1155,14.1,0.498,0.434,0.242,0.366,5.6,10.5,9.2,2.8,1.4,12.9,22.9,97,96,0.4,2.8,3.2,0.112,2024
168,DiJonai Carrington,DAL,G-F,14,376,12,0.458,0.397,0.281,0.288,9.9,11.1,13.2,2.6,1.5,17.8,25,91,110,-0.3,0.1,-0.2,-0.02,2025
169,Diamond DeShields,PHO,G,30,760,11.9,0.472,0.417,0.243,0.314,2.8,8.9,17,2.1,1.7,14.4,29.4,89,106,-1.1,0.7,-0.4,-0.022,2022
170,Diamond DeShields,CHI,G,32,441,7,0.404,0.376,0.323,0.224,1.7,5.9,15.8,2.3,1.6,14.1,20.5,83,106,-0.8,0.4,-0.4,-0.035,2024
171,Diamond Miller,MIN,F,32,834,12.3,0.497,0.448,0.291,0.277,3.1,7.9,17.1,1.8,1.2,15.8,25,93,108,-0.4,0.6,0.2,0.007,2023
172,Diamond Miller,MIN,F,21,213,3.1,0.383,0.341,0.377,0.348,5.1,10.1,9.4,1.7,0.4,19.3,21.4,74,99,-0.7,0.4,-0.3,-0.057,2024
173,Diamond Miller,MIN,F,21,197,11.4,0.635,0.575,0.434,0.396,1.8,5.3,11.6,1.9,1.9,21.5,18.4,105,101,0.2,0.4,0.6,0.118,2025
174,Diana Taurasi,PHO,G,31,962,15.8,0.559,0.488,0.679,0.353,1,6.5,22.5,1.1,1.6,15.3,26.2,103,109,1.4,0.4,1.8,0.073,2022
175,Diana Taurasi,PHO,G,26,709,17.8,0.565,0.503,0.588,0.352,0.4,8.1,32.1,1,1.4,17.5,29.4,103,111,1,0.1,1.1,0.065,2023
176,Diana Taurasi,PHO,G,36,1044,16,0.554,0.5,0.6,0.293,1.5,7.6,20.9,1.1,0.9,12.3,24.3,106,111,2,0.1,2.1,0.081,2024
177,Dominique Malonga,SEA,C,22,193,14,0.518,0.5,0.081,0.151,9.2,19,14.5,1.1,1.4,20,27.3,90,100,-0.2,0.4,0.1,0.025,2025
178,Dorka Juhász,MIN,F,38,919,14.5,0.516,0.505,0.241,0.251,8.3,15.6,17.2,2,2.2,17.5,13.2,106,104,1,1.2,2.1,0.093,2023
179,Dorka Juhász,MIN,F,34,547,13.4,0.53,0.517,0.236,0.139,7.1,13.7,10.6,1.4,2.1,12.1,14.7,106,97,0.6,1.2,1.9,0.138,2024
180,Dulcy Fankam Mendjiadeu,SEA,F-C,34,470,12.3,0.538,0.523,0.009,0.374,13.8,18,4.4,1.4,2,18.9,14.5,102,105,0.4,0.5,0.9,0.075,2023
181,Dulcy Fankam Mendjiadeu,SEA,F-C,7,36,4.3,0.532,0.667,0,2,12.5,14.2,3.9,0,0,34.7,10.5,88,105,0,0,0,0.011,2024
182,Dyaisha Fair,LVA,G,1,4,-2.7,0,0,0.5,0,0,0,64.9,0,0,0,23.1,53,111,0,0,0,-0.333,2024
183,Elena Delle Donne,WAS,F-G,25,694,25.4,0.59,0.534,0.294,0.285,5.1,13.5,16.4,0.9,3.6,6.9,26,118,98,2.9,1.5,4.4,0.251,2022
184,Elena Delle Donne,WAS,F-G,23,633,23,0.583,0.526,0.208,0.273,3.6,11.6,15.6,1.5,3,8.4,25.9,112,101,1.9,1.1,2.9,0.185,2023
185,Elissa Cunane,MIN,C,3,10,9.6,0.5,0.5,0.5,0,24,29,0,0,0,33.3,13.4,90,106,0,0,0,0.012,2022
186,Elizabeth Kitley,LVA,C,12,98,1.1,0.314,0.304,0.043,0.087,4.7,10.2,1.7,2.1,5.2,22.7,14.2,58,102,-0.4,0.1,-0.2,-0.1,2025
187,Elizabeth Williams,WAS,C-F,30,447,16.2,0.503,0.482,0,0.305,11.8,15.3,5.5,2.1,4.1,10.6,18.5,103,95,0.5,1.1,1.6,0.142,2022
188,Elizabeth Williams,CHI,C-F,40,1188,16.8,0.536,0.514,0,0.283,8.7,11.5,13.2,2.1,4.1,12.9,15.8,110,103,2.1,1.6,3.7,0.125,2023
189,Elizabeth Williams,CHI,C-F,9,249,18.6,0.52,0.487,0,0.316,10.9,14.4,9.5,3.1,5.3,14.8,17.9,103,100,0.3,0.4,0.7,0.117,2024
190,Elizabeth Williams,CHI,C-F,22,433,15.8,0.489,0.472,0,0.302,8.2,11.5,15.4,1.8,3.8,12.2,20.8,100,109,0.3,0.2,0.5,0.047,2025
191,Emily Engstler,IND,F,35,638,12.4,0.455,0.44,0.247,0.209,12.4,16.5,13.5,2,5.3,19.5,16.7,93,106,-0.2,0.6,0.4,0.024,2022
192,Emily Engstler,MIN,F,12,93,9.5,0.428,0.429,0.333,0.381,13.8,18.1,11.7,2.7,0.9,29,16.8,82,103,-0.2,0.1,-0.1,-0.023,2023
193,Emily Engstler,WAS,F,32,464,21.7,0.602,0.581,0.37,0.143,11.1,16.5,18.2,2.1,4.9,11.8,18.1,119,99,1.5,0.9,2.4,0.204,2024
194,Emily Engstler,WAS,F,19,188,13.5,0.475,0.45,0.5,0.3,12,18.5,19.4,2.2,4.7,26.1,14.6,94,97,0,0.4,0.4,0.087,2025
195,Emma Cannon,IND,F,24,334,18.2,0.607,0.566,0.158,0.421,7.2,13.1,7.4,2.1,0.5,10.6,19.6,116,109,1,0.2,1.1,0.134,2022
196,Emma Cannon,IND,F,30,314,16.6,0.571,0.504,0.254,0.328,9.1,18.2,8.1,0.7,0.6,17.7,26.6,102,108,0.4,0.2,0.6,0.077,2023
197,Emma Cannon,LVA,F,5,9,15.8,0.667,0.667,0.333,0,0,12.8,20.3,0,0,25,20.5,98,105,0,0,0,0.059,2024
198,Emma Cannon,LAS,F,19,200,14.9,0.659,0.644,0.559,0.356,6.2,10.7,6.2,2.3,0.5,16,18.3,112,110,0.4,0.1,0.5,0.1,2025
199,Emma Meesseman,CHI,F,36,1030,21.7,0.617,0.59,0.112,0.156,7.6,11.5,21.5,2.5,2.3,12.3,18.3,122,100,3.7,1.9,5.6,0.218,2022
200,Epiphanny Prince,SEA,G,33,406,12.5,0.481,0.44,0.476,0.202,1.7,4.5,22,2.5,0.6,10,16.8,104,102,0.5,0.6,1.1,0.105,2022
201,Epiphanny Prince,NYL,G,10,71,6.9,0.551,0.5,0.667,0.2,1.7,4.8,15.8,1.4,1.2,30,14.6,92,105,0,0.1,0.1,0.029,2023
202,Erica Wheeler,ATL,G,30,789,8,0.427,0.399,0.264,0.149,2.8,6.8,25.4,2.1,0.2,20.5,20.7,85,104,-1.4,1,-0.4,-0.02,2022
203,Erica Wheeler,IND,G,40,1071,13.6,0.489,0.439,0.264,0.223,1.8,6.8,30.7,2.1,0.3,17.1,20.3,101,109,0.9,0.5,1.4,0.054,2023
204,Erica Wheeler,IND,G,39,546,8.5,0.484,0.465,0.369,0.092,1.5,5.7,18.8,1.6,0.7,19.3,14.8,96,112,0,0,0,0,2024
205,Erica Wheeler,SEA,G,23,625,14.7,0.531,0.502,0.441,0.15,2.3,6.9,21.8,2.1,0.7,13.9,20.6,102,103,0.6,0.9,1.5,0.096,2025
206,Evina Westbrook,WAS,G,20,205,8.9,0.47,0.425,0.377,0.283,0.6,5.7,17.3,2,3.1,20.1,16.4,88,104,-0.2,0.2,0,0.009,2022
207,Evina Westbrook,LAS,G,18,128,-0.3,0.298,0.2,0.533,0.267,2.8,8.1,11.8,1.2,2.1,23,15.8,62,108,-0.5,0.1,-0.4,-0.136,2023
208,Ezi Magbegor,SEA,F-C,33,817,17.7,0.594,0.57,0.12,0.219,7.3,12.9,9.3,1.8,6.1,14.5,17.3,109,97,1.4,1.9,3.3,0.161,2022
209,Ezi Magbegor,SEA,F-C,40,1304,18,0.576,0.548,0.184,0.291,5.5,14,14.8,1.7,4.8,16.5,19.4,105,102,1.8,2,3.8,0.117,2023
210,Ezi Magbegor,SEA,F-C,37,1135,19.2,0.578,0.531,0.158,0.259,8.2,14.9,10.5,1.8,6.2,12.4,16.5,114,96,2.7,2.7,5.4,0.191,2024
211,Ezi Magbegor,SEA,F-C,23,642,16.6,0.526,0.503,0.146,0.299,9.4,13.8,12.7,1.4,6.7,10.1,14.1,113,99,1.3,1.3,2.5,0.157,2025
212,Ezinne Kalu,ATL,G,1,13,3.4,0.436,0.333,0.333,0.333,0,4.4,0,4,0,0,12,97,101,0,0,0,0.073,2024
213,Gabby Williams,SEA,F,36,920,14.6,0.512,0.481,0.288,0.185,5.3,11.1,18.8,2.9,1.3,16.5,15.6,103,98,0.9,1.9,2.8,0.122,2022
214,Gabby Williams,SEA,F,10,285,10.3,0.421,0.388,0.245,0.138,5.5,7.2,23.2,2.6,1.2,18.1,18.9,88,106,-0.3,0.3,-0.1,-0.01,2023
215,Gabby Williams,SEA,F,12,351,16,0.552,0.529,0.298,0.183,2.9,7.8,19.9,2.9,0.7,13.1,16.2,109,100,0.6,0.6,1.2,0.141,2024
216,Gabby Williams,SEA,F,23,775,17.5,0.536,0.509,0.395,0.15,2.4,8.5,21.5,3.7,1.3,14.7,19.7,103,98,0.8,1.6,2.4,0.125,2025
217,Grace Berger,IND,G,36,524,11.3,0.547,0.512,0.268,0.197,1.6,6.5,20,1.7,1,21.1,15,102,110,0.4,0.2,0.6,0.044,2023
218,Grace Berger,IND,G,11,102,7.4,0.497,0.44,0.2,0.56,4.7,8.6,10.1,2.5,0,24.3,17.9,88,110,-0.1,0,-0.1,-0.029,2024
219,Grace Berger,LAS,G,1,16,-17.1,0,0,0.5,0,7.7,3.8,8.6,0,0,42.9,19.7,19,120,-0.2,0,-0.2,-0.522,2025
220,Hailey Van Lith,CHI,G,19,239,6.2,0.44,0.378,0.284,0.311,1.9,5.5,17.3,1.5,1.6,23.6,20.2,81,113,-0.5,0,-0.6,-0.093,2025
221,Haley Jones,ATL,F-G,40,584,6.7,0.405,0.355,0.169,0.247,2.7,9,24.8,1.4,1.7,22.7,17.8,82,104,-1.2,0.8,-0.4,-0.028,2023
222,Haley Jones,ATL,F-G,40,712,5.1,0.465,0.418,0.192,0.322,1.6,7.1,19.4,1,1.4,29,14.9,81,106,-1.2,0.7,-0.6,-0.032,2024
223,Haley Jones,DAL,F-G,9,122,12.7,0.502,0.5,0.108,0.054,3.6,10.3,15.5,2.1,2.3,11.7,15.3,102,106,0.1,0.1,0.2,0.069,2025
224,Haley Peters,CON,F-G,20,281,6.1,0.414,0.379,0.397,0.19,6.8,10.7,11.6,1.7,1,20.3,12.9,85,115,-0.3,-0.1,-0.4,-0.063,2025
225,Han Xu,NYL,C,32,538,20.7,0.563,0.529,0.163,0.222,8.4,12.4,10.9,1.6,3.3,8.7,22.7,110,103,1.3,0.7,2,0.148,2022
226,Han Xu,NYL,C,8,36,-1.9,0.3,0.3,0.35,0,10,11.1,0,2.8,2.3,20,30.9,56,99,-0.3,0.1,-0.2,-0.271,2023
227,Hannah Sjerven,MIN,C,3,9,-4.5,0,0,0,0,0,0,0,0,10.1,0,5,0,108,0,0,0,-0.09,2022
228,Iliana Rupert,LVA,C,17,223,10.5,0.587,0.593,0.704,0.056,5.7,9.8,9.7,1.6,0,14,12.9,112,107,0.4,0.2,0.5,0.096,2022
229,Iliana Rupert,ATL,C,20,158,8.8,0.466,0.441,0.647,0.235,5,13.9,9.7,2.2,3.8,21,13.2,88,99,-0.1,0.3,0.2,0.05,2023
230,Isabelle Harrison,DAL,F,35,644,17.3,0.536,0.47,0.008,0.333,8.7,14.1,12.8,2.1,0.7,13.9,23,106,106,1.2,0.6,1.8,0.113,2022
231,Isabelle Harrison,CHI,F,36,587,11.9,0.45,0.405,0.076,0.21,7,13.7,7.9,1.7,1.8,13,22.3,91,104,-0.4,0.6,0.2,0.016,2024
232,Isabelle Harrison,NYL,F,19,184,16.1,0.525,0.5,0.129,0.242,9.7,16.2,12.9,3,0.5,13.8,19.6,104,97,0.2,0.4,0.7,0.146,2025
233,Ivana Dojkić,SEA,G,23,461,11.2,0.544,0.5,0.462,0.361,1,4.9,23.9,2,0.7,20.2,16.6,101,108,0.3,0.3,0.6,0.053,2023
234,Ivana Dojkić,NYL,G,26,257,9.4,0.507,0.446,0.568,0.365,4.2,4.9,11.6,1.8,0.3,14,17.5,102,103,0.2,0.4,0.6,0.089,2024
235,JJ Quinerly,DAL,G,21,295,17.5,0.552,0.5,0.269,0.269,3.7,6.2,28,2.9,1.3,15.8,23,108,110,0.6,0.1,0.8,0.102,2025
236,Jackie Young,LVA,G,34,1129,20.2,0.593,0.539,0.289,0.319,4.4,7.3,18.4,2.1,0.6,8.6,19.7,121,106,4.4,1,5.4,0.19,2022
237,Jackie Young,LVA,G,40,1259,22.6,0.657,0.617,0.416,0.284,2.5,7.4,18.7,2,0.3,11.6,21.6,124,102,5.5,2,7.5,0.239,2023
238,Jackie Young,LVA,G,37,1205,18.1,0.557,0.505,0.445,0.274,2.6,7.7,27.1,1.5,0.6,13,23,110,104,3.1,1.4,4.5,0.15,2024
239,Jackie Young,LVA,G,22,658,19.9,0.561,0.493,0.38,0.331,4.8,8.1,26.5,1.9,1.2,14.8,26.5,108,107,1.6,0.5,2.2,0.131,2025
240,Jacy Sheldon,DAL,G,40,931,6.8,0.489,0.457,0.462,0.129,3.4,5.2,15.3,1.2,1.1,22.1,13.1,95,118,0,-0.8,-0.9,-0.038,2024
241,Jacy Sheldon,CON,G,22,542,12.3,0.615,0.595,0.508,0.121,3.5,4.2,15.6,1.9,0.7,16.3,14.1,111,118,0.9,-0.5,0.4,0.029,2025
242,Jade Melbourne,SEA,G,29,307,6.5,0.495,0.414,0.313,0.453,2.2,6.3,18.6,2,0.3,25.3,14.8,90,108,-0.2,0.2,0,0.001,2023
243,Jade Melbourne,WAS,G,37,525,9.6,0.53,0.494,0.337,0.295,2.9,6.3,19.2,2.3,0.9,24.8,21.6,88,105,-0.6,0.6,0,-0.003,2024
244,Jade Melbourne,WAS,G,21,484,6.3,0.467,0.455,0.463,0.281,2.2,5.2,19.5,1.3,0.4,20.9,15.9,88,106,-0.5,0.5,0,0,2025
245,Jaelyn Brown,DAL,G-F,14,141,7.7,0.572,0.581,0.387,0.097,5.8,8.9,6.3,1.4,2.4,27.1,13.5,90,115,-0.1,-0.1,-0.1,-0.04,2024
246,Jaelyn Brown,CON,G-F,10,131,6.5,0.488,0.486,0.486,0.054,3.4,5.4,1.4,2,1.5,11.7,15,89,117,-0.1,-0.1,-0.2,-0.053,2025
247,Jakia Brown-Turner,WAS,G,2,8,15.3,0.532,0,0,2,0,7.5,0,6.3,0,0,10.7,123,95,0,0,0,0.182,2024
248,Janelle Salaün,GSV,F,14,319,10.3,0.467,0.43,0.441,0.162,5.3,12.1,9.1,1,0.3,12.1,23.3,92,103,-0.2,0.5,0.3,0.032,2025
249,Jantel Lavender,SEA,F,27,329,9,0.447,0.432,0.218,0.109,8.9,15.5,11.7,0.5,1,17.2,19.3,88,102,-0.3,0.5,0.1,0.018,2022
250,Jasmine Dickey,DAL,G,20,93,0.3,0.284,0.227,0.121,0.273,7.5,7.8,3.2,2.2,1,11.9,20.1,67,108,-0.4,0.1,-0.3,-0.143,2022
251,Jasmine Dickey,DAL,G,14,87,4.9,0.396,0.382,0.029,0.176,9,7.2,1.7,2.3,1,12,20.2,84,108,-0.2,0.1,-0.1,-0.043,2023
252,Jasmine Thomas,CON,G,5,109,9.8,0.462,0.35,0.433,0.433,2.3,6.2,19.2,1.4,0.9,16.4,17.1,102,102,0.1,0.2,0.2,0.092,2022
253,Jasmine Thomas,LAS,G,32,410,4.6,0.37,0.341,0.564,0.1,2.8,5,16.1,1.1,1.4,15.5,15.2,79,107,-0.8,0.3,-0.4,-0.042,2023
254,Jasmine Walker,LAS,F,32,281,0.8,0.33,0.316,0.658,0.039,5.1,10.5,3.2,1.1,1,16.2,14.9,66,111,-0.9,0,-0.9,-0.123,2022
255,Jaylyn Sherrod,NYL,G,10,37,21.8,0.571,0.571,0.429,0.429,6.4,4.7,23.3,4.2,2.3,10.7,22.7,115,97,0.1,0.1,0.2,0.223,2024
256,Jaylyn Sherrod,NYL,G,16,102,5.7,0.459,0.375,0.55,0.45,2.3,6.1,14.1,4.9,0,31.5,15.5,79,97,-0.2,0.2,0,0.01,2025
257,Jazmine Jones,WAS,G,8,47,-2.9,0.294,0.25,0.375,0.625,0,2.6,2.9,2.2,0,22.7,12.3,53,102,-0.2,0.1,-0.1,-0.091,2022
258,Jennie Simms,PHO,G,23,303,8.5,0.554,0.508,0.302,0.302,5.1,10,10.9,2,0.3,25.2,14.4,94,107,-0.1,0.2,0.2,0.021,2022
259,Jennie Simms,PHO,G,6,70,2.4,0.381,0.286,0.357,0.5,7.3,11.5,6.6,1.5,0,26,15.4,72,111,-0.2,0,-0.2,-0.105,2023
260,Jessica Shepard,MIN,F,36,941,15,0.568,0.516,0.107,0.437,9.2,16.3,17.9,0.8,1.2,19.4,15.2,111,106,1.8,0.8,2.6,0.111,2022
261,Jessica Shepard,MIN,F,21,565,15.8,0.573,0.516,0.016,0.421,8.9,15.2,19,1.1,0.3,16.7,14.4,116,108,1.3,0.4,1.7,0.121,2023
262,Jessica Shepard,MIN,F,20,377,19.1,0.599,0.587,0.011,0.511,14.9,20.1,19.2,1.2,0.5,21.6,17.5,114,97,1,0.9,1.9,0.199,2025
263,Jessika Carter,LVA,C,2,4,-21,0,0,0,2,0,0,0,0,0,0,21.7,0,111,-0.1,0,-0.1,-0.578,2024
264,Jewell Loyd,SEA,G,36,1090,15.5,0.526,0.478,0.429,0.22,2.1,5,19.4,1.8,0.5,12.3,26.5,101,104,1.1,1.4,2.4,0.089,2022
265,Jewell Loyd,SEA,G,38,1344,20.1,0.524,0.445,0.419,0.371,3.4,7.5,20.2,1.4,1,10.6,33,104,108,2.6,0.8,3.4,0.102,2023
266,Jewell Loyd,SEA,G,37,1246,17.2,0.497,0.408,0.346,0.405,2.3,7.6,18.3,2.1,0.6,10.4,28.8,101,101,1.6,1.9,3.5,0.113,2024
267,Jewell Loyd,LVA,G,22,660,12.9,0.522,0.484,0.548,0.194,5.6,8.4,12.6,1.4,0.4,11.3,18.2,105,109,0.8,0.4,1.2,0.074,2025
268,Jocelyn Willoughby,NYL,F-G,11,121,6.2,0.491,0.481,0.423,0.308,2,8.6,5.3,2.1,1.4,23.4,14.6,79,104,-0.2,0.2,-0.1,-0.022,2022
269,Jocelyn Willoughby,NYL,F-G,29,192,6.2,0.551,0.517,0.533,0.133,6.2,6.8,7.8,0.8,0,20.1,9.2,108,107,0.2,0.2,0.3,0.07,2023
270,Jonquel Jones,CON,C,33,871,23.3,0.615,0.573,0.324,0.324,12.2,19.8,11.5,2,4.1,17.8,23.9,112,94,2.6,2.3,4.9,0.224,2022
271,Jonquel Jones,NYL,C,40,1001,20.1,0.613,0.575,0.272,0.24,12.3,19.1,11.8,1.2,4.2,18.4,20.1,113,98,2.5,2.2,4.7,0.189,2023
272,Jonquel Jones,NYL,C,39,1164,21.4,0.645,0.615,0.397,0.272,6.8,17.4,18.3,1.3,3.7,17.7,20.1,116,95,3.6,2.9,6.5,0.223,2024
273,Jonquel Jones,NYL,C,9,206,23.8,0.588,0.563,0.4,0.363,9.9,23.6,17.9,1.2,4.5,13.9,23.7,112,93,0.6,0.6,1.2,0.229,2025
274,Jordan Horston,SEA,F,36,806,9.1,0.418,0.385,0.149,0.189,6.5,12.8,12.7,2.7,2.2,19.2,20.3,81,103,-1.9,1.2,-0.7,-0.034,2023
275,Jordan Horston,SEA,F,39,871,13.5,0.545,0.522,0.231,0.191,6.1,11,12.3,2.9,2.6,21.3,15.6,97,97,0.2,1.9,2.1,0.096,2024
276,Jordin Canada,LAS,G,32,865,12.8,0.468,0.397,0.185,0.362,1,5.2,32.7,2.6,0.5,19.3,20.3,94,110,-0.2,0.3,0.1,0.004,2022
277,Jordin Canada,LAS,G,38,1237,16.9,0.534,0.455,0.305,0.392,0.8,5.7,32,3.5,0.7,17.9,21.3,102,101,1.3,2.1,3.4,0.111,2023
278,Jordin Canada,ATL,G,20,624,14.8,0.504,0.435,0.322,0.412,2.1,6.3,32.2,2.7,0.7,16.7,18.2,104,103,0.8,0.8,1.6,0.102,2024
279,Jordin Canada,ATL,G,15,405,16.4,0.481,0.426,0.326,0.34,1.1,7.6,33.3,3.1,0.8,14.3,21.1,104,99,0.5,0.8,1.3,0.132,2025
280,Joyner Holmes,CON,F,26,205,3.8,0.397,0.352,0.361,0.213,3.7,10.4,8.4,2,0.9,22.2,18.3,76,99,-0.5,0.4,-0.1,-0.027,2022
281,Joyner Holmes,SEA,F,34,355,11.7,0.474,0.441,0.436,0.191,7.6,13.6,13.6,1.3,2.4,13.7,17.4,97,105,0.1,0.4,0.5,0.052,2023
282,Joyner Holmes,SEA,F,27,231,10.5,0.477,0.462,0.397,0.141,6.8,12.1,17.2,1.3,2.2,20.2,19.8,90,100,-0.2,0.4,0.2,0.034,2024
283,Joyner Holmes,LVA,F,6,29,-4.1,0.292,0.292,0.417,0,8,12.1,0,0,0,14.3,21.8,60,111,-0.2,0,-0.2,-0.213,2025
284,Julie Allemand,CHI,G,25,402,10.8,0.545,0.492,0.517,0.3,2.8,5.8,28.3,1.8,0.6,32.7,11.4,104,105,0.4,0.4,0.8,0.081,2022
285,Julie Allemand,LAS,G,13,297,10.2,0.557,0.523,0.773,0.136,2.1,8.2,25.3,2.1,0,28.9,10,107,111,0.3,0.1,0.3,0.047,2025
286,Julie Vanloo,WAS,G,40,926,6.6,0.47,0.464,0.725,0.049,0.6,4.2,30.8,1,0.1,24.6,20.3,86,108,-1.4,0.5,-0.9,-0.04,2024
287,Julie Vanloo,LAS,G,14,238,5.8,0.456,0.435,0.823,0.097,0.9,4.6,32.9,1.3,0,30.2,17.5,85,108,-0.4,0.2,-0.2,-0.035,2025
288,Kadi Sissoko,PHO,F,40,336,1.7,0.427,0.395,0.29,0.258,6.4,11.4,3.7,0.5,1.3,27.4,13.2,73,112,-0.8,0,-0.8,-0.091,2023
289,Kadidja Diaby,CON,C,13,103,5.9,0.62,0.5,0,1,3.3,7.4,8.3,3,0.9,37.3,14.3,85,113,-0.1,0,-0.1,-0.054,2025
290,Kaela Davis,PHO,F,7,55,19.1,0.733,0.714,0.286,0.238,6.3,9.6,2.2,1.9,0,20.5,24.3,105,105,0.1,0.1,0.1,0.1,2022
291,Kaela Davis,CHI,F,4,52,2.4,0.436,0.417,0.167,0.333,2.1,4.4,2.9,1,3.4,22.5,15,74,109,-0.1,0,-0.1,-0.074,2024
292,Kahleah Copper,CHI,G-F,31,891,16.8,0.577,0.53,0.276,0.352,4.6,11.7,12.9,0.8,0.1,13,24.8,107,104,1.8,1,2.8,0.128,2022
293,Kahleah Copper,CHI,G-F,38,1184,16.4,0.545,0.507,0.292,0.26,2.4,8.3,12,1.5,0.7,12.6,28.2,101,107,1.1,0.9,2.1,0.07,2023
294,Kahleah Copper,PHO,G-F,37,1197,16.4,0.544,0.49,0.35,0.33,2.4,8.2,14.2,1.2,0.2,13.3,31.8,99,111,0.9,0.2,1.1,0.037,2024
295,Kahleah Copper,PHO,G-F,6,145,18.8,0.577,0.514,0.397,0.425,2.3,8.3,14.4,2.8,0.7,16.4,32.1,100,101,0.1,0.3,0.4,0.113,2025
296,Kaila Charles,ATL,G-F,1,2,-9.9,,,,,0,0,0,0,0,,0,,111,0,0,0,0.009,2022
297,Kaila Charles,SEA,G-F,4,41,-1.2,0.25,0.25,0.167,0,8.2,6.9,3.9,1.2,0,0,13,72,111,-0.1,0,-0.1,-0.083,2023
298,Kaila Charles,DAL,G-F,17,269,12.6,0.49,0.425,0.375,0.338,10.2,14.4,10.6,1.7,1.4,14.8,17.2,103,110,0.3,0.1,0.4,0.054,2025
299,Kaitlyn Chen,GSV,G,9,133,9.8,0.605,0.58,0.28,0.28,2.5,4.3,15.7,1.6,0,22.2,12.2,106,106,0.1,0.1,0.3,0.079,2025
300,Kalani Brown,DAL,C,32,524,21.3,0.688,0.629,0.007,0.601,11.7,15.5,9.9,0.7,3.7,18.8,17.9,124,106,2,0.5,2.5,0.192,2023
301,Kalani Brown,DAL,C,39,516,16.4,0.606,0.582,0.019,0.373,9.7,13.7,13.1,0.7,3.7,20.7,19.3,107,115,0.9,-0.2,0.7,0.052,2024
302,Kalani Brown,PHO,C,20,277,19.4,0.691,0.657,0.1,0.357,10.4,17.6,8.7,1.1,4.9,19.8,16.4,119,99,0.8,0.6,1.4,0.196,2025
303,Kamiah Smalls,MIN,G,3,34,2.7,0.25,0.25,0.5,0,0,8.5,25.5,6,0,33.3,15.8,58,97,-0.2,0.1,-0.1,-0.103,2022
304,Kamilla Cardoso,CHI,C,32,876,17.5,0.561,0.521,0,0.347,11.9,16.5,10.3,1,4.6,14.9,16.4,111,104,1.8,1,2.8,0.13,2024
305,Kamilla Cardoso,CHI,C,18,435,19,0.563,0.53,0.006,0.331,14,16.8,14,0.7,3.3,17.1,23.6,105,110,0.7,0.2,0.9,0.082,2025
306,Karlie Samuelson,PHO,G,1,10,6,0.5,0.5,1,0,0,17.7,16.5,0,0,25,18.4,81,105,0,0,0,-0.038,2022
307,Karlie Samuelson,LAS,G,34,888,11.9,0.654,0.602,0.65,0.288,1.4,6.9,12.4,1.3,0.3,13.1,11.8,120,106,1.9,0.9,2.8,0.124,2023
308,Karlie Samuelson,WAS,G,29,711,13,0.578,0.536,0.637,0.202,2.5,6.2,14.3,1.9,0.1,10.6,15,113,106,1.4,0.6,2,0.112,2024
309,Karlie Samuelson,MIN,G,16,228,6.9,0.55,0.476,0.81,0.333,1.6,5.1,10.4,1.4,0.4,18.6,11.9,103,103,0.2,0.3,0.5,0.086,2025
310,Kate Martin,LVA,G,34,392,6.4,0.466,0.432,0.705,0.136,1.8,7.9,10.9,0.9,1.7,18.4,13.4,88,104,-0.3,0.4,0.2,0.016,2024
311,Kate Martin,GSV,G,21,349,9.5,0.49,0.459,0.624,0.188,1.3,8.4,8,1.3,0.6,12.7,21.2,92,103,-0.2,0.5,0.3,0.032,2025
312,Kathryn Westbeld,PHO,F,22,503,12,0.494,0.469,0.605,0.122,4,8,8.2,2.5,3.5,8.8,15.2,102,100,0.3,0.9,1.3,0.1,2025
313,Katie Benzan,WAS,G,3,27,21.3,0.836,0.833,0.778,0.444,4.3,4.4,6.9,0,3.4,15.7,21.9,129,103,0.1,0,0.2,0.248,2022
314,Katie Lou Samuelson,LAS,F,32,943,10.7,0.504,0.47,0.554,0.171,2.2,6.2,10.4,1.8,0.7,9.9,16.4,99,112,0.4,0.1,0.5,0.021,2022
315,Katie Lou Samuelson,IND,F,37,674,8.8,0.506,0.462,0.685,0.171,3,7.4,10.8,0.9,1.2,10.3,11.5,109,113,0.8,-0.1,0.7,0.043,2024
316,Kayana Traylor,MIN,G,8,35,1.8,0.368,0.3,0.1,0.2,3.3,1.7,13.3,2.9,0,21.6,17.9,73,110,-0.1,0,-0.1,-0.11,2023
317,Kayla McBride,MIN,G,31,923,14.1,0.539,0.475,0.391,0.293,2.1,5.5,11.5,1.8,0.2,10.5,20.6,107,109,1.5,0.5,2,0.086,2022
318,Kayla McBride,MIN,G,38,1208,14.5,0.56,0.518,0.551,0.222,1.4,5.9,12.3,2,0.4,11.8,20.6,105,109,1.6,0.7,2.2,0.074,2023
319,Kayla McBride,MIN,G,39,1237,16.8,0.611,0.547,0.623,0.36,1.4,4.7,16.8,2,0.1,14.1,20.8,112,101,3.2,2.1,5.2,0.169,2024
320,Kayla McBride,MIN,G,20,632,16.1,0.591,0.535,0.636,0.263,0.6,4.4,16,2,0.3,12,20,112,102,1.5,1,2.5,0.159,2025
321,Kayla Thornton,DAL,F,36,1050,13.9,0.59,0.529,0.372,0.396,7.2,12.1,9.6,1.9,1.7,14.8,12.1,119,106,2.3,1,3.3,0.125,2022
322,Kayla Thornton,NYL,F,40,693,11.8,0.545,0.517,0.533,0.2,8.3,11.6,5.5,2,1.2,10.9,11.8,114,101,1.1,1.2,2.3,0.132,2023
323,Kayla Thornton,NYL,F,40,809,9.8,0.515,0.49,0.621,0.128,5.7,7.4,5,1.8,1,9.7,13.2,105,101,0.8,1.3,2,0.101,2024
324,Kayla Thornton,GSV,F,22,662,15.3,0.493,0.435,0.514,0.297,6.8,13.2,9.6,2.3,0.8,10.3,23.6,101,100,0.6,1.3,1.9,0.113,2025
325,Kelsey Mitchell,IND,G,31,1010,17.6,0.568,0.519,0.394,0.273,1.5,3.5,25,1.4,0.6,12.7,24.6,110,114,2.6,-0.3,2.3,0.089,2022
326,Kelsey Mitchell,IND,G,40,1349,16.6,0.58,0.533,0.461,0.297,1.1,2.9,16.4,1.4,0.1,12.8,23.9,110,113,3.4,-0.1,3.3,0.098,2023
327,Kelsey Mitchell,IND,G,40,1280,18.2,0.588,0.559,0.45,0.188,2.5,4.5,9.9,1.1,0.5,8.9,24.9,112,114,3.7,-0.5,3.2,0.101,2024
328,Kelsey Mitchell,IND,G,23,711,19.8,0.57,0.536,0.39,0.276,1.2,3.4,15.7,1.4,0.6,7.2,26.4,114,108,2.4,0.5,2.9,0.163,2025
329,Kelsey Plum,LVA,G,36,1182,20.8,0.608,0.566,0.507,0.281,0.9,4.6,26,1.5,0.2,13.6,26,114,108,4.1,0.6,4.8,0.162,2022
330,Kelsey Plum,LVA,G,39,1265,20.3,0.618,0.566,0.466,0.282,0.9,4.3,21.8,1.7,0,12.2,23.9,117,104,4.7,1.6,6.3,0.199,2023
331,Kelsey Plum,LVA,G,38,1291,15.2,0.563,0.523,0.545,0.217,0.9,4.4,20.9,1,0.1,13.4,24.8,104,107,2.1,1,3.1,0.095,2024
332,Kelsey Plum,LAS,G,21,748,18.3,0.567,0.481,0.47,0.413,0.5,5.4,29.1,2.1,0.4,15.6,26.6,109,112,2,0.1,2,0.108,2025
333,Kennedy Burke,WAS,G-F,16,222,15.6,0.534,0.52,0.432,0.23,4.2,9.4,5.5,3.8,1.7,8.9,18.6,102,94,0.2,0.6,0.8,0.139,2022
334,Kennedy Burke,NYL,G-F,38,459,9.8,0.477,0.466,0.439,0.091,3.6,7.3,11,2.7,2,16.4,16.1,91,98,-0.2,0.9,0.7,0.064,2024
335,Kennedy Burke,NYL,G-F,21,478,16.9,0.66,0.642,0.577,0.231,3.5,6,9.1,2.6,2.5,12.8,15.6,118,101,1.1,0.8,1.9,0.162,2025
336,Khaalia Hillsman,CHI,C,1,1,0,,,,,0,0,0,0,0,,0,,115,0,0,0,-0.015,2023
337,Khayla Pointer,IND,G,10,58,7.6,0.606,0.625,0.333,1.167,1.9,8,5.9,1.7,0,33.1,20.3,80,112,-0.1,0,-0.1,-0.092,2022
338,Kia Nurse,SEA,G,40,789,7.9,0.478,0.451,0.614,0.116,1.7,6.5,11.3,1.5,0.2,10.6,15.4,96,109,0,0.4,0.5,0.023,2023
339,Kia Nurse,LAS,G,40,810,9,0.525,0.489,0.608,0.221,2.5,4.8,11.4,1.2,0.1,14.5,18.6,96,113,0.1,-0.1,0,0.001,2024
340,Kia Nurse,CHI,G,22,474,6.8,0.501,0.471,0.659,0.159,1.9,5.6,8,0.9,0.4,14.5,16,95,115,0,-0.2,-0.2,-0.016,2025
341,Kia Vaughn,ATL,C,29,401,5.6,0.426,0.4,0.013,0.163,8.3,13.3,9.8,1.3,1.9,27.8,13.1,80,103,-0.6,0.6,-0.1,-0.008,2022
342,Kiah Stokes,LVA,C,31,475,10.7,0.514,0.467,0.393,0.262,7,16,5.6,1.5,4.7,20.9,8.1,105,101,0.3,0.8,1.1,0.093,2022
343,Kiah Stokes,LVA,C,40,792,9.6,0.473,0.464,0.325,0.217,7,17.1,3.7,1.6,4,15.8,6.1,107,96,0.5,2,2.4,0.123,2023
344,Kiah Stokes,LVA,C,39,716,7.3,0.417,0.395,0.645,0.145,3.8,14.8,5.3,1.5,3.9,18.5,5.2,95,98,0,1.5,1.5,0.081,2024
345,Kiah Stokes,LVA,C,22,401,7.4,0.394,0.37,0.413,0.174,6.9,16.7,5.8,1.5,1.7,18.2,6.8,93,103,-0.1,0.6,0.5,0.05,2025
346,Kiana Williams,CON,G,4,30,1.8,0.313,0.313,0.5,0,0,3.8,24.4,0,0,20,15.2,74,108,-0.1,0,-0.1,-0.08,2022
347,Kiana Williams,SEA,G,13,45,1.2,0.344,0.344,0.563,0,0,2.5,16.3,0,0,11.1,17.6,76,109,-0.1,0,-0.1,-0.081,2024
348,Kiana Williams,PHO,G,5,69,16.8,0.603,0.604,0.583,0.083,0,5.8,17.9,0.7,0,3.9,16.8,123,107,0.2,0.1,0.3,0.16,2025
349,Kianna Smith,LAS,G,11,113,5.4,0.404,0.386,0.514,0.057,5.3,4.9,8.2,1.8,0,10,16,86,114,-0.1,0,-0.2,-0.054,2022
350,Kierstan Bell,LVA,F,21,121,5.5,0.388,0.348,0.667,0.121,3.8,8.8,8,0.8,2.2,12.6,14.6,83,107,-0.2,0.1,-0.1,-0.024,2022
351,Kierstan Bell,LVA,F,36,424,6.8,0.419,0.412,0.536,0.065,4.1,7.6,5.9,1.7,1,8.2,18.2,86,102,-0.5,0.7,0.1,0.013,2023
352,Kierstan Bell,LVA,F,6,43,11.5,0.504,0.5,0.5,0.125,2.8,8,18.4,0,0,5.6,19.2,106,107,0.1,0,0.1,0.089,2024
353,Kierstan Bell,LVA,F,15,140,11.6,0.468,0.435,0.685,0.111,5,9.6,3.8,1.5,3,8.1,19.9,94,106,0,0.1,0.1,0.03,2025
354,Kiki Iriafen,WAS,F,22,588,15.9,0.521,0.46,0.009,0.386,12.3,18.6,9.8,1.3,0.5,14.3,22.4,103,101,0.7,1,1.7,0.113,2025
355,Kitija Laksa,PHO,F,21,491,8.4,0.511,0.497,0.669,0.126,2,3.5,6.2,0.9,0.8,7.5,15.7,101,108,0.3,0.4,0.7,0.053,2025
356,Kristi Toliver,LAS,G,11,218,7.5,0.56,0.5,0.706,0.314,0,2.5,23.8,0.9,0,30.1,17.2,91,115,-0.1,-0.1,-0.2,-0.045,2022
357,Kristi Toliver,WAS,G,11,99,8.1,0.485,0.462,0.718,0.128,1.2,4.8,13.7,1.5,0,14.5,22.3,88,106,-0.1,0.1,0,-0.01,2023
358,Kristine Anigwe,PHO,F-C,10,65,5.1,0.521,0.5,0,1,9.1,11.8,4.9,0.8,2.7,29.4,14.4,86,109,-0.1,0,0,-0.021,2022
359,Kristine Anigwe,CON,F-C,13,89,7.5,0.454,0.417,0.042,0.333,10.3,14.6,7,1.7,4.6,20.3,17.4,87,102,-0.1,0.1,0,0.017,2023
360,Kristy Wallace,ATL,G,29,602,10,0.526,0.485,0.42,0.259,3.4,6.6,17.3,1.4,0.9,19.6,16.5,98,105,0.2,0.6,0.8,0.056,2022
361,Kristy Wallace,IND,G,37,728,10.4,0.499,0.481,0.366,0.121,3.6,6.8,15.7,1.6,1.1,16.7,18,97,110,0.1,0.3,0.3,0.019,2023
362,Kristy Wallace,IND,G,26,447,11,0.492,0.474,0.496,0.154,2.9,6.3,14.9,2,1.2,12,14.1,104,111,0.4,0.1,0.5,0.044,2024
363,Kyara Linskens,GSV,C,4,27,5,0.4,0.4,0.2,0,4.2,12.6,6.2,1.9,11.6,28.6,11.6,69,93,-0.1,0.1,0,0.021,2025
364,Kysre Gondrezick,CHI,G,5,16,10.6,0.357,0.357,0.857,0,6.8,7.1,20.2,12.8,0,30,27.4,64,85,-0.1,0.1,0,-0.101,2024
365,Laeticia Amihere,ATL,F,21,147,8.8,0.466,0.405,0.024,0.976,3.8,7.6,4.4,1.7,5.2,15.5,21.2,86,102,-0.2,0.2,0,0.006,2023
366,Laeticia Amihere,ATL,F,16,83,3.5,0.284,0.269,0,0.654,16,18.6,6,1.3,3.3,19.3,22.6,65,102,-0.4,0.1,-0.3,-0.155,2024
367,Laeticia Amihere,GSV,F,12,176,20.2,0.605,0.56,0.1,0.58,10.2,20,19.9,1.5,4.7,22.3,20.6,107,96,0.3,0.4,0.8,0.176,2025
368,Lauren Cox,CON,F,1,0,,,,,,,,,,,,,,,0,0,0,,2023
369,Layshia Clarendon,LAS,G,24,687,14.7,0.61,0.552,0.238,0.306,3.9,6.4,21,2,0,19.8,18.2,108,105,1.1,0.7,1.9,0.108,2023
370,Layshia Clarendon,LAS,G,21,335,10.6,0.535,0.473,0.267,0.307,2.2,6.8,26.6,2.3,0.3,22.7,14.7,101,109,0.2,0.1,0.4,0.046,2024
371,Leigha Brown,CON,G,25,130,2.6,0.367,0.327,0.385,0.231,5.5,9.7,11.2,2,1.4,27.7,13.9,72,102,-0.3,0.2,-0.1,-0.039,2023
372,Leonie Fiebich,NYL,F,40,837,13.7,0.624,0.613,0.626,0.123,5.5,8.4,12.8,2.3,0.7,16.1,13.7,115,100,1.7,1.5,3.3,0.155,2024
373,Leonie Fiebich,NYL,F,14,372,13,0.732,0.716,0.595,0.203,3.2,8.5,6.3,1.5,2,18.3,12,118,102,0.7,0.6,1.3,0.136,2025
374,Lexi Held,PHO,G,14,290,14,0.513,0.482,0.582,0.182,3.1,4.7,11.6,3.7,1.7,13.2,21.2,97,101,0.1,0.5,0.6,0.082,2025
375,Lexie Brown,LAS,G,34,850,11.8,0.569,0.566,0.63,0.028,1.1,5.6,13,2,0.8,11.6,12.9,107,111,0.9,0.1,1.1,0.05,2022
376,Lexie Brown,LAS,G,12,364,15.3,0.631,0.608,0.586,0.144,0.6,4.1,14.2,1.5,0.8,11.9,16.8,113,106,0.7,0.3,1.1,0.117,2023
377,Lexie Brown,LAS,G,16,379,9.3,0.451,0.401,0.527,0.206,0.3,5.9,23.7,2.3,0.5,17.8,20.5,88,109,-0.5,0.2,-0.3,-0.031,2024
378,Lexie Brown,SEA,G,14,105,4.2,0.389,0.3,0.9,0.5,1.1,5.2,7.9,2,0,7.6,11.5,88,105,-0.1,0.1,0.1,0.021,2025
379,Lexie Hull,IND,G,26,334,5.5,0.408,0.305,0.41,0.381,3.6,7,8.7,2.2,0.5,12.8,18.2,86,111,-0.4,0,-0.4,-0.043,2022
380,Lexie Hull,IND,G,30,619,7.3,0.446,0.417,0.414,0.152,6.7,8,7.8,2.5,1.3,16.2,13.4,92,108,-0.2,0.4,0.2,0.011,2023
381,Lexie Hull,IND,G,34,671,10.6,0.604,0.563,0.515,0.301,5.9,7.3,7.8,1.6,1.5,15.8,12.1,115,111,1.2,0,1.2,0.074,2024
382,Lexie Hull,IND,G,23,629,12.3,0.564,0.555,0.428,0.159,6.4,10.3,9.3,2,0.6,11.9,12.6,114,104,1.1,0.9,1.9,0.122,2025
383,Leïla Lacan,CON,G,5,130,10.5,0.545,0.5,0.39,0.22,3.5,6.3,15.2,1.6,0.7,19.7,19.7,95,117,0,-0.1,-0.1,-0.035,2025
384,Li Meng,WAS,G,34,539,8.9,0.541,0.512,0.738,0.159,1.3,3.9,10.7,0.9,0.2,13.8,17.3,98,108,0.1,0.4,0.5,0.037,2023
385,Li Yueru,CHI,C,16,82,8.3,0.601,0.444,0,0.667,7.7,17.4,3.4,1.2,1.9,35.8,20.1,85,100,-0.1,0.2,0,0.008,2022
386,Li Yueru,LAS,C,38,546,13.1,0.558,0.476,0.102,0.401,12.1,15.4,7,1.1,1.4,16,16.8,108,109,0.9,0.2,1.1,0.083,2024
387,Li Yueru,DAL,C,20,346,14.4,0.566,0.484,0.275,0.44,11.8,15.5,9.1,0.9,1.4,16.8,16.5,111,110,0.7,0.1,0.8,0.096,2025
388,Liatu King,DAL,F,14,136,8.6,0.565,0.5,0.222,0.556,10.7,12.9,4.7,0.7,0,24.7,14.7,99,114,0,0,0,0.005,2025
389,Lindsay Allen,MIN,G,9,134,21.4,0.686,0.632,0.368,0.342,0,6.1,38.5,0.8,0,13.8,16.9,136,110,0.7,0,0.8,0.233,2022
390,Lindsay Allen,MIN,G,29,698,11.3,0.48,0.42,0.209,0.325,2.8,5.9,29.3,1.2,0.4,16.6,14.5,105,111,0.8,0.2,0.9,0.054,2023
391,Lindsay Allen,CHI,G,40,950,12,0.537,0.498,0.215,0.233,1.5,4.8,26.1,1.7,0.6,20.7,14.3,104,109,0.9,0.5,1.4,0.059,2024
392,Lindsay Allen,CON,G,16,221,5.1,0.439,0.392,0.297,0.243,0,2.9,25.4,1.2,1.3,29.3,12,82,119,-0.3,-0.2,-0.5,-0.094,2025
393,Linnae Harper,WAS,G,14,73,2.5,0.385,0.385,0.423,0,4.7,7.3,9,1.4,0,13.3,18.8,77,106,-0.2,0.1,-0.1,-0.068,2023
394,Liz Cambage,LAS,C,25,584,21.5,0.583,0.517,0.061,0.483,6.7,16.8,16.4,1.4,6.5,17,26,105,104,1.1,0.7,1.7,0.119,2022
395,Liz Dixon,PHO,F,14,77,15.8,0.599,0.526,0,0.421,14.8,12,4.3,0,3.4,15.1,16,116,112,0.2,0,0.2,0.102,2023
396,Liz Dixon,PHO,F,17,160,9.9,0.449,0.379,0,0.345,10.5,14.9,8.6,0.3,5.1,19.3,11.9,97,108,0,0.1,0.1,0.029,2024
397,Lorela Cubaj,NYL,F-C,11,88,3.4,0.333,0.333,0,0,12.2,15.1,6.8,0,1.9,29.4,8.9,82,107,-0.1,0.1,0,-0.013,2022
398,Lorela Cubaj,ATL,F-C,3,19,-2.4,0,0,0,0,0,20.7,0,0,4.5,50,4.6,0,98,-0.1,0,0,-0.043,2023
399,Lorela Cubaj,ATL,F-C,28,221,6.9,0.444,0.429,0,0.143,9.5,10.6,10.9,2.1,0.8,24.4,10.1,92,104,-0.1,0.3,0.2,0.037,2024
400,Lou Lopez Sénéchal,DAL,G,27,125,2.2,0.35,0.338,0.441,0.118,2.8,5.2,11.4,1.2,0,14.4,14.3,79,118,-0.2,-0.1,-0.3,-0.109,2024
401,Lucy Olsen,WAS,G,19,199,12,0.566,0.526,0.439,0.193,2.4,6.2,16.1,0.5,0.5,10.2,15.5,114,107,0.4,0.2,0.6,0.112,2025
402,Luisa Geiselsoder,DAL,C,12,273,13.8,0.531,0.527,0.411,0.041,5.6,12.3,10.2,1.9,4.1,11.9,13.3,108,108,0.3,0.2,0.5,0.075,2025
403,Mackenzie Holmes,SEA,F,4,19,15.1,0.667,0.667,0,0,12.5,12.7,8,0,4.8,0,7.2,155,105,0.1,0,0.1,0.193,2025
404,Maddy Siegrist,DAL,F,39,319,19.2,0.585,0.531,0.134,0.259,12.6,10.9,4,1.3,1.9,6.7,17.7,126,109,1.2,0.2,1.4,0.175,2023
405,Maddy Siegrist,DAL,F,27,644,15.2,0.557,0.529,0.176,0.205,7.8,8.3,6.8,0.8,1.3,6.1,16.3,118,118,1.7,-0.6,1.1,0.068,2024
406,Maddy Siegrist,DAL,F,11,264,14.1,0.483,0.469,0.309,0.227,11.7,12.3,3.3,0.8,1.8,3.6,18,109,114,0.5,0,0.4,0.063,2025
407,Maddy Westbeld,CHI,F,10,85,6.9,0.342,0.313,0.375,0.083,12.2,14.7,7.3,1.8,4.5,16.7,15.4,81,108,-0.2,0.1,-0.1,-0.042,2025
408,Madi Williams,PHO,G-F,5,46,-2.8,0.333,0.333,0.2,0,5.5,6.7,3.6,2.3,1.8,28.6,21.3,54,110,-0.3,0,-0.3,-0.253,2023
409,Makayla Timpson,IND,F-C,15,107,16.1,0.511,0.485,0,0.424,12.6,18.4,0,2.9,4.3,11.3,18.6,102,96,0.1,0.3,0.4,0.132,2025
410,Maria Kliundikova,MIN,F,14,133,23.6,0.563,0.545,0.227,0.205,13.4,16.6,9.8,3.9,8.9,12.7,18.9,112,88,0.3,0.5,0.8,0.238,2025
411,Marina Mabrey,DAL,G,34,951,14.3,0.511,0.492,0.41,0.163,2.4,7.9,23.8,1.5,1.2,15.4,25.2,99,108,0.5,0.6,1.1,0.047,2022
412,Marina Mabrey,CHI,G,39,1169,15.9,0.542,0.502,0.464,0.224,3.3,7.4,20.3,1.3,1.3,13.8,23.9,105,108,1.8,0.8,2.6,0.089,2023
413,Marina Mabrey,CON,G,40,1235,15.3,0.524,0.508,0.502,0.133,2,8.2,23.4,1.9,1.3,14.6,23.2,100,103,1.1,1.6,2.7,0.086,2024
414,Marina Mabrey,CON,G,13,410,12.6,0.484,0.444,0.54,0.185,1.9,9.3,26.2,1,1.6,15,26.9,92,116,-0.3,-0.2,-0.5,-0.048,2025
415,Marine Johannes,NYL,G,24,612,14.1,0.637,0.617,0.704,0.128,1,3.8,23.2,1.2,0.4,18.9,17.5,110,109,1.2,0.3,1.4,0.094,2022
416,Marine Johannes,NYL,G,35,662,10.1,0.556,0.544,0.707,0.093,1.4,4.3,13.2,1.8,0.2,17.4,18.2,99,105,0.3,0.8,1,0.062,2023
417,Marine Johannes,NYL,G,21,384,12.9,0.604,0.594,0.795,0.06,2.8,6.9,12.6,2.1,1,19.5,17.6,100,103,0.2,0.6,0.8,0.083,2025
418,Marième Badiane,MIN,C,3,11,-18.6,0,0,0.333,0,10.8,5.3,0,9.5,0,40,20.8,15,87,-0.1,0,-0.1,-0.365,2025
419,Marquesha Davis,NYL,G,20,80,8.3,0.478,0.432,0.045,0.318,3,7.2,7.6,0.6,4.3,10.7,15.8,97,101,0,0.1,0.2,0.076,2024
420,Marquesha Davis,NYL,G,9,31,6.4,0.565,0.25,0.75,1.75,3.9,9.1,4.5,0,3,29.8,14.7,92,105,0,0,0,0.029,2025
421,Maya Caldwell,ATL,G,9,214,17,0.643,0.635,0.432,0.068,2.7,6,17.4,1.6,0.9,15.5,18.6,113,105,0.5,0.2,0.7,0.138,2022
422,Maya Caldwell,IND,G,30,304,2.3,0.371,0.319,0.403,0.194,3.5,5.4,9.2,1.5,0.9,22,14.8,74,111,-0.7,0.1,-0.7,-0.091,2023
423,Maya Caldwell,ATL,G,25,405,10.7,0.498,0.476,0.4,0.12,5.5,6.3,11.9,1.9,1.1,14.9,17.2,96,105,0,0.4,0.4,0.042,2024
424,Maya Caldwell,ATL,G,20,275,8.3,0.431,0.427,0.512,0.073,6.3,9.1,14.1,2.3,1.2,18.3,17,87,101,-0.3,0.5,0.2,0.026,2025
425,Megan Gustafson,PHO,C,33,318,12.2,0.635,0.615,0.286,0.187,6.3,11.9,9.7,1,1.4,19.6,17.7,105,108,0.4,0.2,0.6,0.076,2022
426,Megan Gustafson,PHO,C,34,514,20.2,0.608,0.564,0.222,0.32,11.4,15.8,9.5,1.3,2.3,14.3,23.5,111,109,1.3,0.3,1.6,0.124,2023
427,Megan Gustafson,LVA,C,38,405,12.7,0.621,0.604,0.538,0.16,6.8,10.4,3.5,1.6,1,11,14.5,114,103,0.8,0.5,1.4,0.134,2024
428,Megan Gustafson,LVA,C,3,57,3.1,0.351,0.281,0.625,0.563,4.1,10.3,5.7,0.9,1.5,9.1,17.4,78,107,-0.1,0,-0.1,-0.063,2025
429,Megan McConnell,PHO,G,1,13,15.7,0.375,0.375,0.5,0,8.6,4.4,34.8,3.9,0,0,13.8,120,103,0,0,0.1,0.171,2025
430,Megan Walker,ATL,F,12,115,4.5,0.48,0.461,0.5,0.158,3,4.5,7.3,1.3,0,22.8,20.2,80,107,-0.3,0.1,-0.2,-0.064,2022
431,Mercedes Russell,SEA,C,5,54,-1.2,0.536,0.5,0,0.375,4.2,9.5,2.7,0,0,42.9,13.8,65,106,-0.2,0.1,-0.1,-0.092,2022
432,Mercedes Russell,SEA,C,37,705,10.1,0.532,0.516,0.006,0.242,6.2,12,11.8,1.1,2,24,14.4,93,107,-0.2,0.6,0.4,0.021,2023
433,Mercedes Russell,SEA,C,37,583,11,0.539,0.517,0,0.275,5,10.7,7.7,1.9,1.3,16.2,12.1,102,100,0.4,1,1.4,0.094,2024
434,Mercedes Russell,LAS,C,20,163,9.8,0.513,0.444,0,0.519,7.6,9,11.3,1.6,2.4,17.4,11.1,108,112,0.2,0,0.2,0.045,2025
435,Michaela Onyenwere,NYL,F,34,466,8.4,0.516,0.435,0.385,0.423,3.3,8.7,4.6,1.5,1.4,14,17.7,96,105,0,0.5,0.5,0.042,2022
436,Michaela Onyenwere,PHO,F,40,953,9.4,0.498,0.458,0.345,0.245,6.4,9.6,9.4,1.6,1.7,18.5,21.5,89,111,-1,0.3,-0.7,-0.03,2023
437,Michaela Onyenwere,CHI,F,34,636,8.4,0.491,0.474,0.321,0.193,3.2,5.5,8.6,1.5,1.7,15.7,18.8,91,108,-0.3,0.3,0,0,2024
438,Michaela Onyenwere,CHI,F,22,313,7.4,0.493,0.445,0.308,0.209,3.7,7.6,12.8,1.5,0.6,19.5,17.3,92,112,-0.1,0,-0.1,-0.018,2025
439,Mikiah Herbert Harrigan,PHO,F,31,336,10.6,0.517,0.506,0.616,0.233,5.4,7.8,4.3,2.4,3,13.7,15,96,108,0,0.2,0.2,0.026,2024
440,Monique Akoa-Makani,PHO,G,21,441,15,0.602,0.558,0.471,0.188,3.5,5.5,20.9,2.4,0.2,16.3,18.1,113,104,1,0.6,1.6,0.147,2025
441,Monique Billings,ATL,F,23,401,17,0.534,0.47,0.009,0.436,12.9,21.1,11.2,2.4,1.9,18.2,18.8,104,97,0.5,0.9,1.4,0.137,2022
442,Monique Billings,ATL,F,39,653,10.8,0.482,0.407,0.024,0.365,9.1,16.7,7.3,1.2,1.6,16,15.5,97,102,0.1,1,1.1,0.07,2023
443,Monique Billings,PHO,F,37,843,12.5,0.524,0.472,0.061,0.309,9.1,15,9.8,1.6,2,19.9,16.9,99,111,0.4,0.1,0.5,0.024,2024
444,Monique Billings,GSV,F,20,364,18,0.556,0.529,0.231,0.347,9.3,15.3,4.9,1.9,4.3,10.9,19.3,108,98,0.6,0.8,1.4,0.157,2025
445,Morgan Bertsch,CHI,F,28,398,7.6,0.554,0.534,0.35,0.155,3.5,7,7.4,1.3,1.4,21.4,15.7,93,108,-0.1,0.3,0.1,0.012,2023
446,Morgan Bertsch,DAL,F,11,100,-3.9,0.32,0.233,0.5,0.333,9.6,9.9,3.1,0.5,0.9,27.4,21.5,60,115,-0.6,0,-0.6,-0.249,2024
447,Moriah Jefferson,MIN,G,31,809,15.5,0.562,0.521,0.293,0.251,1.6,5.4,30.1,2.2,0.4,18.9,19.6,107,107,1.4,0.6,2,0.098,2022
448,Moriah Jefferson,PHO,G,39,972,14,0.507,0.483,0.281,0.131,1.2,4.9,26.8,2.3,0.6,13.5,22.4,99,111,0.6,0.2,0.8,0.031,2023
449,Moriah Jefferson,CHI,G,23,185,5.7,0.334,0.262,0.452,0.238,1.8,2.8,23.2,2.3,0,14.7,13.1,85,106,-0.2,0.2,0,-0.006,2024
450,Moriah Jefferson,CHI,G,4,34,10,0.438,0.438,0.375,0,0,8.3,42.4,0,0,20,12.9,105,115,0,0,0,0.026,2025
451,Murjanatu Musa,PHO,C,12,122,13.8,0.502,0.471,0.057,0.314,16.4,14.6,9.4,1.7,1.6,14.9,17.2,107,103,0.2,0.2,0.4,0.118,2025
452,Myisha Hines-Allen,WAS,F,34,656,15.8,0.498,0.467,0.287,0.233,6.6,16.2,18.2,2.1,1.4,16.1,25.5,95,96,-0.1,1.6,1.5,0.092,2022
453,Myisha Hines-Allen,WAS,F,35,617,9.4,0.419,0.381,0.307,0.214,6.8,14.7,20.7,1.9,0.9,18.1,21.3,86,101,-1.1,1.1,0,0.001,2023
454,Myisha Hines-Allen,MIN,F,40,746,17.3,0.573,0.529,0.205,0.27,6.7,14.9,24.1,1.8,0.5,17,20.1,109,100,1.6,1.3,2.9,0.154,2024
455,Myisha Hines-Allen,DAL,F,23,491,11.8,0.535,0.5,0.221,0.303,6,14.2,21.7,1.8,2.1,28.5,16.9,93,108,-0.2,0.3,0.1,0.011,2025
456,NaLyssa Smith,IND,F,32,983,11.9,0.496,0.467,0.254,0.322,7.8,15,8.5,0.8,0.7,14.8,22.6,94,111,-0.2,0.1,0,-0.001,2022
457,NaLyssa Smith,IND,F,31,885,16.5,0.534,0.501,0.17,0.315,8.6,19.6,9.3,0.6,1,15.8,27,99,107,0.5,0.7,1.2,0.053,2023
458,NaLyssa Smith,IND,F,40,990,16.1,0.52,0.5,0.137,0.363,8.7,16.8,6.8,1.5,3.5,11.4,20.6,103,106,1.2,0.9,2,0.082,2024
459,NaLyssa Smith,LVA,F,24,473,12.7,0.489,0.442,0.087,0.457,9.7,14.8,7.1,1.2,3.9,13.1,17.5,101,108,0.3,0.3,0.6,0.055,2025
460,Napheesa Collier,MIN,F,4,91,10.3,0.499,0.462,0.269,0.269,2.6,7.7,7,1.1,1,3.3,14.8,109,109,0.1,0,0.2,0.076,2022
461,Napheesa Collier,MIN,F,37,1238,24.9,0.568,0.512,0.186,0.326,6.6,14.7,15.5,2.5,3.1,11.3,28.9,109,102,3.4,1.9,5.2,0.17,2023
462,Napheesa Collier,MIN,F,34,1181,25.1,0.565,0.52,0.183,0.29,7.8,16.2,18.8,2.8,3.6,10.2,26.7,112,91,3.7,3.7,7.4,0.25,2024
463,Napheesa Collier,MIN,F,21,701,29.9,0.621,0.557,0.23,0.323,7.5,13.2,19.1,2.8,4.3,10.9,28.8,120,94,3.5,2,5.4,0.31,2025
464,Natalie Achonwa,MIN,F,22,332,16.4,0.564,0.516,0.022,0.297,9,15.7,18.3,1.4,1.9,17.6,16.8,111,105,0.7,0.4,1,0.124,2022
465,Natasha Cloud,WAS,G,34,1065,15.1,0.523,0.469,0.438,0.295,1.8,6.8,36.8,1.7,0.9,21.3,19.2,104,100,1.4,1.9,3.2,0.121,2022
466,Natasha Cloud,WAS,G,37,1199,14.2,0.514,0.434,0.382,0.354,0.8,6.8,32,1.6,0.8,17.2,21,101,104,1.1,1.5,2.6,0.086,2023
467,Natasha Cloud,PHO,G,38,1265,14.2,0.508,0.454,0.373,0.285,1.7,7.1,34.5,2.2,1.6,21.1,19.8,100,108,1,0.6,1.6,0.051,2024
468,Natasha Cloud,NYL,G,20,568,15.8,0.543,0.494,0.458,0.211,1.7,7.3,33.2,2.4,1,16.9,17.4,112,101,1.3,1,2.3,0.159,2025
469,Natasha Howard,NYL,F,35,1048,17.1,0.551,0.518,0.215,0.288,7.9,14.1,15,2.2,2.8,19,26,97,101,0.2,1.8,2,0.075,2022
470,Natasha Howard,DAL,F,39,1289,17.5,0.536,0.494,0.236,0.25,7.3,13.8,12.6,1.9,3.1,15.4,23.1,105,104,2,1.7,3.7,0.114,2023
471,Natasha Howard,DAL,F,27,825,18.1,0.51,0.47,0.134,0.302,7.5,13.1,17,2.1,2.2,14.1,28.1,100,112,0.9,-0.1,0.8,0.039,2024
472,Natasha Howard,IND,F,23,554,18.5,0.588,0.563,0.09,0.332,10.4,16.4,7.5,2.1,1.8,17.1,22.4,106,100,0.9,1,1.9,0.138,2025
473,Natasha Mack,PHO,F,40,619,18.2,0.578,0.573,0.024,0.153,11.6,18.7,11.7,2.2,6.9,17.5,11.9,115,101,1.2,1,2.2,0.145,2024
474,Natasha Mack,PHO,F,12,208,17.7,0.505,0.5,0.088,0.441,15,20.1,6.6,4.2,6.6,16.5,10.5,113,91,0.3,0.7,1,0.191,2025
475,Natisha Hiedeman,CON,G,36,901,14.1,0.573,0.557,0.613,0.109,0.8,4.3,19.8,2.4,0.4,14.1,16.2,114,101,2,1.5,3.5,0.155,2022
476,Natisha Hiedeman,CON,G,40,1066,9.3,0.507,0.486,0.513,0.146,0.9,4.7,15.7,1.7,0.3,14.6,16.7,97,105,0.2,1.3,1.5,0.055,2023
477,Natisha Hiedeman,MIN,G,40,607,11.5,0.469,0.44,0.427,0.177,3,5.9,25,2.7,0.9,17.5,19.1,95,98,0,1.2,1.2,0.08,2024
478,Natisha Hiedeman,MIN,G,24,440,14.4,0.529,0.497,0.405,0.229,0.8,6.1,25.6,1.4,0.8,12.9,20.2,107,101,0.7,0.7,1.5,0.132,2025
479,Naz Hillmon,ATL,F,34,674,11.5,0.535,0.48,0.016,0.317,8.8,14.8,9.7,1.6,1.4,22.2,11.8,102,102,0.4,1.1,1.5,0.087,2022
480,Naz Hillmon,ATL,F,40,541,11.7,0.587,0.509,0.009,0.466,10.4,14.2,8,0.7,0.5,21.8,14.5,107,105,0.7,0.6,1.2,0.092,2023
481,Naz Hillmon,ATL,F,40,868,14.3,0.6,0.555,0.018,0.387,8.2,12.7,10.2,1.7,1.2,16.6,11.9,115,103,1.6,1.1,2.7,0.127,2024
482,Naz Hillmon,ATL,F,22,450,17.1,0.614,0.589,0.559,0.237,8,13.8,15.6,1.1,1.9,15,15.4,119,101,1.2,0.8,2,0.178,2025
483,Nia Clouden,CON,G,28,250,5.8,0.479,0.453,0.547,0.321,1,5.6,11.7,1.2,0.4,16.6,12.7,97,103,0,0.4,0.4,0.062,2022
484,Nia Clouden,LAS,G,5,54,-2.7,0.368,0.35,0.3,0.2,0,2.2,25.6,0,0,42.4,16,61,111,-0.3,0,-0.2,-0.177,2023
485,Nia Coffey,ATL,F,16,336,4.7,0.445,0.391,0.307,0.307,2.4,14.3,5.9,1.5,0.6,23.4,19.7,75,101,-1,0.6,-0.4,-0.053,2022
486,Nia Coffey,ATL,F,31,680,11.5,0.528,0.518,0.427,0.125,2.5,12.4,11.6,1.2,4.6,18.2,15.9,93,100,-0.2,1.2,1,0.061,2023
487,Nia Coffey,ATL,F,40,534,7.3,0.413,0.385,0.446,0.142,3.9,10.2,14.4,1.2,4.4,20.3,16.7,80,102,-1,0.8,-0.2,-0.018,2024
488,Nia Coffey,ATL,F,22,253,12.2,0.487,0.444,0.65,0.35,6.9,14.2,15.4,1.2,2.7,17.1,19.9,97,100,0,0.5,0.5,0.086,2025
489,Nika Mühl,SEA,G,16,57,-3.2,0.071,0.071,0.786,0,11.8,10,16.3,1.8,0,22.2,13.9,51,104,-0.3,0.1,-0.2,-0.162,2024
490,Nikolina Milic,MIN,F,31,364,17.8,0.603,0.57,0.163,0.311,15.2,14.8,11.6,1.4,2,21.5,24,104,107,0.6,0.3,0.9,0.096,2022
491,Nikolina Milic,MIN,F,39,494,12.1,0.533,0.484,0.115,0.292,6.6,10.9,12.2,0.4,0.9,16.2,23.7,98,111,0.2,0.1,0.3,0.025,2023
492,Nneka Ogwumike,LAS,F,34,1068,22.9,0.604,0.567,0.124,0.251,5.4,12.9,12.5,2.6,1.3,10.9,24.2,113,107,3.1,0.9,4,0.151,2022
493,Nneka Ogwumike,LAS,F,36,1119,25.3,0.587,0.532,0.12,0.312,6.2,17.1,18.4,2.8,2.2,12,27.3,110,98,3.1,2.5,5.6,0.201,2023
494,Nneka Ogwumike,SEA,F,37,1177,22.6,0.578,0.542,0.15,0.197,6.6,13.5,13.1,3,1.5,8.4,21.8,115,96,3.7,2.7,6.4,0.218,2024
495,Nneka Ogwumike,SEA,F,23,724,21.5,0.584,0.553,0.253,0.186,5.4,14.8,13.3,2.1,2,12.2,24.4,108,99,1.5,1.5,3,0.166,2025
496,Nyara Sabally,NYL,C,33,260,8.8,0.52,0.441,0.153,0.542,8.8,15.3,3.8,0.8,2.2,19.8,15.6,98,101,0.1,0.4,0.5,0.076,2023
497,Nyara Sabally,NYL,C,26,352,21,0.612,0.575,0.023,0.46,11.5,17.2,6.8,3.3,4.6,11.1,15,123,91,1.1,1.1,2.2,0.25,2024
498,Nyara Sabally,NYL,C,15,291,13.8,0.537,0.5,0.099,0.352,10.7,14.3,7.1,1.6,5.1,16.3,15.3,106,99,0.3,0.6,0.9,0.128,2025
499,Odyssey Sims,CON,G,7,145,8.3,0.403,0.358,0.283,0.283,1.7,5.3,20.9,2.8,1.3,16.8,21.8,85,101,-0.2,0.2,0,-0.003,2022
500,Odyssey Sims,DAL,G,28,335,7.1,0.353,0.319,0.217,0.29,2.7,6.3,24.9,1.8,0,17.9,11.9,93,109,-0.1,0.2,0.1,0.01,2023
501,Odyssey Sims,LAS,G,24,700,17.2,0.56,0.525,0.24,0.26,2.9,4.4,31.9,2,0.6,16.2,20.2,109,113,1.5,-0.2,1.4,0.078,2024
502,Odyssey Sims,LAS,G,12,354,12,0.532,0.479,0.354,0.354,2.1,6.1,19.4,1.4,0.3,13.3,16.3,108,114,0.5,-0.1,0.5,0.054,2025
503,Olivia Nelson-Ododa,LAS,C,30,436,10.5,0.598,0.56,0,0.44,9.3,12.4,4,1,5.1,23.8,13.5,102,109,0.3,0.2,0.5,0.044,2022
504,Olivia Nelson-Ododa,CON,C,39,585,14.8,0.588,0.537,0,0.537,10.2,14.7,6.2,1.8,5.1,16.7,13.9,112,98,1,1.3,2.3,0.157,2023
505,Olivia Nelson-Ododa,CON,C,37,437,10.6,0.534,0.495,0,0.414,8.4,13.1,3,1.7,4.6,19.9,15.4,95,95,0,1.1,1.1,0.1,2024
506,Olivia Nelson-Ododa,CON,C,21,490,16.4,0.552,0.489,0.008,0.496,9,15.3,7.5,1.5,5.3,14.7,17.8,105,111,0.6,0.1,0.7,0.059,2025
507,Olivia Époupa,MIN,G,17,114,11.2,0.415,0.375,0,0.125,6.4,9.7,32.9,6.3,0,47.1,12.9,84,90,-0.2,0.4,0.2,0.079,2024
508,Paige Bueckers,DAL,G,18,629,19.8,0.538,0.485,0.223,0.281,2.3,6.5,29.1,2.5,1.9,12.3,24,110,110,1.6,0.2,1.8,0.118,2025
509,Queen Egbo,IND,F-C,33,720,12.1,0.481,0.442,0,0.353,9.3,16.9,7.5,2.1,4.7,20.5,18.8,88,105,-0.7,0.8,0,0.003,2022
510,Queen Egbo,WAS,F-C,37,475,13.5,0.528,0.5,0,0.318,9.8,19.7,4.1,1.6,4.5,17.2,19.5,95,99,0,1,0.9,0.079,2023
511,Queen Egbo,LVA,F-C,8,29,20.2,0.466,0.417,0,0.167,12.4,20.4,0,5.2,2.9,0,20.4,100,90,0,0.1,0.1,0.154,2024
512,Rachel Banham,MIN,G,36,630,12.6,0.57,0.551,0.634,0.128,0.6,4.4,21.8,0.7,0.6,16.2,21,104,111,0.9,0.1,1,0.061,2022
513,Rachel Banham,MIN,G,32,435,9.7,0.514,0.5,0.648,0.085,1.1,4.3,21.1,1.3,0.6,17.4,21.5,94,111,-0.1,0.1,0,-0.004,2023
514,Rachel Banham,CHI,G,37,586,9.7,0.498,0.48,0.703,0.099,1.4,5.4,11.1,1.2,1.1,8.7,17.7,101,105,0.4,0.6,1,0.07,2024
515,Rachel Banham,CHI,G,22,473,12,0.562,0.527,0.758,0.154,1,3.1,18.2,1.3,0.6,12.1,16.8,112,115,0.9,-0.2,0.8,0.064,2025
516,Rae Burrell,LAS,G-F,3,44,-0.3,0.253,0.167,0.667,0.222,2.7,4.2,3.2,2.3,0,9.2,11.2,61,112,-0.1,0,-0.1,-0.111,2022
517,Rae Burrell,LAS,G-F,29,322,10.7,0.513,0.473,0.441,0.226,4.7,6.8,9.4,2.1,0.9,12.8,16.7,98,105,0.1,0.4,0.5,0.06,2023
518,Rae Burrell,LAS,G-F,37,579,12.6,0.531,0.436,0.442,0.613,4.4,7.1,12.1,2.5,1.6,15.2,18.8,102,108,0.6,0.3,0.9,0.062,2024
519,Rae Burrell,LAS,G-F,6,67,8.7,0.535,0.559,0.235,0.353,1.8,8.2,5.1,1.5,1.4,13.3,15.2,94,112,0,0,0,-0.001,2025
520,Raina Perez,SEA,G,1,2,18.6,,,,,0,0,66,0,0,,0,230,111,0,0,0,0.255,2022
521,Rayah Marshall,CON,C-F,8,49,5,0.352,0.308,0.077,0.462,11.5,20.4,10.7,0,2,24.2,19.3,71,114,-0.2,0,-0.2,-0.16,2025
522,Rebecca Allen,NYL,F-G,25,523,11.3,0.485,0.456,0.491,0.142,1.8,9.3,10.1,2.1,3.9,11.8,17.9,92,102,-0.2,0.8,0.6,0.047,2022
523,Rebecca Allen,CON,F-G,40,858,11.9,0.506,0.492,0.479,0.113,3.9,7.9,6.8,2.2,5.3,11.9,15.1,98,99,0.2,1.7,1.9,0.087,2023
524,Rebecca Allen,PHO,F-G,18,447,10.9,0.522,0.52,0.556,0.024,3.5,9.2,7.4,1.9,2.4,12.4,14.9,97,108,0.1,0.3,0.3,0.031,2024
525,Rebecca Allen,CHI,F-G,22,432,10.2,0.478,0.464,0.543,0.138,2.7,9.3,12.9,1.3,2.9,14.1,17.3,94,110,-0.1,0.1,0.1,0.006,2025
526,Rebekah Gardner,CHI,G,35,760,15.9,0.614,0.577,0.196,0.28,7.4,9,8.8,3.3,1.9,18.6,17.7,107,100,1.1,1.4,2.5,0.134,2022
527,Rebekah Gardner,CHI,G,3,59,17.4,0.631,0.536,0.357,0.429,1.9,11,17.9,5.2,1.4,23.1,16.4,110,97,0.1,0.1,0.2,0.164,2023
528,Rebekah Gardner,NYL,G,21,277,12.9,0.609,0.576,0.364,0.242,6.5,7.9,6.8,2,1.7,11,13.4,118,103,0.6,0.4,1,0.147,2025
529,Rennia Davis,IND,G-F,8,43,3.8,0.385,0.385,0.154,0,7.6,10.9,3.8,2.3,0,23.5,17.2,67,110,-0.2,0,-0.1,-0.134,2022
530,Reshanda Gray,PHO,F,27,237,3.4,0.484,0.465,0.246,0.158,7.7,13,7.6,1.5,1.9,30.7,17,77,104,-0.6,0.3,-0.3,-0.049,2022
531,Rhyne Howard,ATL,G,34,1066,16.5,0.489,0.445,0.487,0.246,2.9,8.4,16.6,2.5,2.3,8.4,25.5,101,101,1.1,1.8,2.9,0.11,2022
532,Rhyne Howard,ATL,G,39,1283,16.7,0.516,0.469,0.479,0.281,2.3,8.4,19.4,2,1.7,10.2,25.1,103,103,1.6,1.9,3.5,0.108,2023
533,Rhyne Howard,ATL,G,30,1018,17.5,0.51,0.46,0.54,0.298,2.7,7.3,17.6,2.8,1.7,9.1,24.9,103,102,1.5,1.5,3,0.119,2024
534,Rhyne Howard,ATL,G,19,670,16.4,0.495,0.447,0.651,0.264,3.6,8.1,22.2,2.4,2.3,10.5,23.8,105,100,1,1.3,2.3,0.139,2025
535,Rickea Jackson,LAS,F,40,1152,13.8,0.547,0.505,0.282,0.26,5.3,8.1,9.7,1.2,1.1,13.4,21.9,101,111,1,0.1,1.1,0.039,2024
536,Rickea Jackson,LAS,F,17,512,10.7,0.507,0.473,0.325,0.215,3.1,6,11.6,1.2,1.5,15.4,22.8,93,114,-0.2,-0.1,-0.3,-0.025,2025
537,Riquna Williams,LVA,G,21,377,12.3,0.55,0.525,0.788,0.178,1.5,6.2,9.7,1.2,0.7,4.5,15.7,113,108,0.7,0.2,1,0.103,2022
538,Robyn Parks,CHI,F,37,505,8.1,0.51,0.496,0.626,0.05,3.4,6.9,4.8,1.2,0.8,11.8,14.3,97,109,0.1,0.3,0.3,0.028,2023
539,Robyn Parks,CON,F,6,63,1.1,0.2,0.2,0.8,0,1.8,8.4,5,1.7,0,16.7,4.4,58,116,-0.1,0,-0.1,-0.071,2025
540,Rui Machida,WAS,G,36,463,6.6,0.369,0.351,0.405,0.107,1.5,5.1,30,1.8,0.4,30.2,12.6,83,101,-0.6,0.8,0.1,0.012,2022
541,Ruthy Hebard,CHI,F,24,232,8.1,0.533,0.51,0,0.163,4.4,10.5,7.4,1.7,1,19.8,12.8,95,102,0,0.3,0.3,0.058,2022
542,Ruthy Hebard,CHI,F,19,175,20.5,0.607,0.585,0,0.377,11.8,15.5,6.8,1.5,3.3,6.1,16.8,126,104,0.7,0.2,0.9,0.2,2023
543,Sabrina Ionescu,NYL,G,36,1163,20.6,0.549,0.492,0.485,0.253,3.6,12.6,36.9,1.7,0.7,16,26.8,107,103,2.8,1.6,4.3,0.149,2022
544,Sabrina Ionescu,NYL,G,36,1134,20.7,0.602,0.562,0.62,0.236,3.1,10.1,27.3,1.7,0.7,15.6,23.7,115,102,3.8,1.8,5.6,0.197,2023
545,Sabrina Ionescu,NYL,G,38,1221,19.5,0.525,0.483,0.53,0.195,2.7,8,33.6,1.6,0.9,13.6,28.1,106,101,2.9,2,4.9,0.16,2024
546,Sabrina Ionescu,NYL,G,20,621,21.3,0.53,0.46,0.518,0.299,2.7,8,31.4,2.4,1.2,12.7,29.4,107,101,1.5,1.1,2.6,0.166,2025
547,Sam Thomas,PHO,G-F,24,118,1.1,0.257,0.237,0.789,0.053,2,2.5,7.6,2.6,1.5,17.1,9.1,62,109,-0.3,0.1,-0.2,-0.077,2022
548,Sam Thomas,PHO,G-F,1,11,-8.7,0,0,0,0,0,5.6,0,0,0,0,8.5,0,116,-0.1,0,-0.1,-0.23,2023
549,Sami Whitcomb,NYL,G,35,746,9.9,0.538,0.515,0.836,0.114,1.8,6.4,17.9,1.6,0.6,18.8,16.1,97,107,0.2,0.6,0.8,0.042,2022
550,Sami Whitcomb,SEA,G,40,978,13.4,0.567,0.539,0.722,0.166,2.2,6.6,20.9,1.8,1.2,18.9,19.2,101,107,0.8,0.7,1.5,0.062,2023
551,Sami Whitcomb,SEA,G,40,611,9.9,0.47,0.459,0.774,0.053,2.8,6.9,16,2.5,1.3,15.8,18.2,91,101,-0.4,1,0.7,0.043,2024
552,Sami Whitcomb,PHO,G,21,553,14,0.564,0.535,0.683,0.177,2.2,7.3,17.4,1.7,0.7,14.1,18.9,107,104,0.8,0.7,1.6,0.114,2025
553,Sania Feagin,LAS,F,8,40,-7.8,0.252,0.263,0.211,0.105,0,4.6,4.2,0,12,20.1,28.1,44,110,-0.4,0,-0.4,-0.394,2025
554,Saniya Rivers,CON,G,20,551,12.5,0.45,0.42,0.337,0.195,3.1,6.7,20.3,3.3,3.3,15.2,18,90,112,-0.4,0.1,-0.4,-0.027,2025
555,Sarah Ashlee Barker,LAS,G,21,365,3.6,0.459,0.414,0.632,0.237,2.4,8.9,9.2,1.4,1.1,27.6,14.3,77,112,-0.7,0,-0.7,-0.075,2025
556,Satou Sabally,DAL,F,11,239,13.7,0.524,0.447,0.417,0.34,4.4,13.4,17,1.1,0.7,17.4,26.8,98,107,0.1,0.2,0.3,0.055,2022
557,Satou Sabally,DAL,F,38,1258,21.9,0.562,0.495,0.336,0.35,7.6,13.9,21.5,2.7,1.1,14.9,24.8,114,103,4.2,1.7,5.9,0.187,2023
558,Satou Sabally,DAL,F,15,512,19.5,0.563,0.517,0.402,0.325,4.1,11.2,24,1.9,1.3,13.4,23.1,113,113,1.6,-0.1,1.4,0.113,2024
559,Satou Sabally,PHO,F,18,509,21.7,0.526,0.451,0.397,0.412,6.1,15.6,17.5,2.5,1.7,11.6,32.6,104,97,1,1.2,2.1,0.166,2025
560,Sevgi Uzun,DAL,G,40,820,6.3,0.418,0.392,0.422,0.116,1.3,4.7,20.7,2.3,1.2,25.9,14.8,83,115,-1.2,-0.4,-1.6,-0.08,2024
561,Sevgi Uzun,PHO,G,7,102,2.2,0.331,0.25,0.571,0.429,0,3.4,19.3,2,2.9,37.5,11.7,67,103,-0.3,0.1,-0.2,-0.059,2025
562,Shakira Austin,WAS,C-F,36,776,17.4,0.576,0.547,0.004,0.489,9.5,17.8,7.5,1.7,3.6,16.6,19.4,105,95,1.1,2,3.1,0.16,2022
563,Shakira Austin,WAS,C-F,19,440,15.6,0.528,0.5,0,0.383,7.5,17.8,7.1,1.8,3.6,16.3,22.4,94,98,-0.1,1,0.9,0.078,2023
564,Shakira Austin,WAS,C-F,12,238,17.5,0.487,0.434,0.033,0.446,10.4,20.6,9.2,3.2,4.4,16.7,33.1,88,95,-0.4,0.6,0.2,0.03,2024
565,Shakira Austin,WAS,C-F,19,410,20.4,0.513,0.474,0.026,0.383,10.1,18,18,2.5,4.8,16.7,30.1,95,96,-0.1,1,1,0.094,2025
566,Shatori Walker-Kimbrough,WAS,G,35,705,12.5,0.534,0.467,0.377,0.307,1.7,5.4,12.3,2.7,1.3,14.7,17.4,101,98,0.5,1.5,1.9,0.11,2022
567,Shatori Walker-Kimbrough,WAS,G,40,993,10.3,0.559,0.507,0.404,0.232,0.9,4.9,10.5,1.5,1.3,10.4,11.5,109,105,1.1,1.1,2.2,0.088,2023
568,Shatori Walker-Kimbrough,WAS,G,40,883,11.8,0.529,0.484,0.419,0.265,1.7,4.7,14.1,2.4,1.9,16,17.3,97,104,0.3,1,1.2,0.056,2024
569,Shatori Walker-Kimbrough,ATL,G,22,199,4.3,0.387,0.365,0.432,0.189,1.7,5.2,9.1,1.3,3,18.3,11.1,79,103,-0.3,0.3,0,0.004,2025
570,Shey Peddy,PHO,G,34,974,16,0.549,0.504,0.521,0.225,5.4,7.8,20.5,2.8,0.6,13.5,16.8,111,107,2,0.7,2.7,0.111,2022
571,Shey Peddy,PHO,G,18,285,13.1,0.506,0.464,0.548,0.238,3.1,7,19.3,2.9,0,9.7,16.9,107,109,0.4,0.1,0.5,0.074,2023
572,Shey Peddy,LAS,G,6,138,10.3,0.563,0.521,0.542,0.25,5.4,8,17.8,0.7,0,13.1,10,123,115,0.3,-0.1,0.3,0.075,2025
573,Sika Koné,CHI,F,20,186,12.9,0.616,0.553,0.128,0.553,13.6,18.7,8.5,0.8,0.4,26.4,19.1,103,106,0.2,0.2,0.4,0.083,2023
574,Sika Koné,WAS,F,27,217,15.7,0.536,0.452,0.083,0.429,7.7,15.1,10.1,1.4,0.9,12.3,23.9,104,102,0.3,0.3,0.7,0.12,2024
575,Sika Koné,WAS,F,11,74,7.9,0.524,0.417,0.167,0.5,4.8,14.3,11.4,0,0,21.5,17,95,105,0,0.1,0.1,0.043,2025
576,Skylar Diggins,PHO,G,30,1019,21.1,0.532,0.47,0.278,0.33,3.2,7,32.4,2.4,2.5,12.6,28.6,106,107,2.3,0.8,3.1,0.121,2022
577,Skylar Diggins,SEA,G,40,1262,18.6,0.525,0.466,0.263,0.294,2.5,4.7,34,2.7,2.5,16,23.9,105,100,2.2,2.1,4.3,0.138,2024
578,Skylar Diggins,SEA,G,23,749,19.3,0.55,0.487,0.287,0.413,1.7,4.2,30.8,1.7,2,13.5,25.9,108,105,1.9,0.9,2.7,0.145,2025
579,Sonia Citron,WAS,G,22,737,14.8,0.587,0.526,0.416,0.325,2.7,8.7,11.2,1.6,0.9,14,18.7,109,103,1.3,1,2.3,0.125,2025
580,Sophie Cunningham,PHO,G,28,827,15.3,0.611,0.581,0.655,0.18,2.7,8.8,9.7,1.7,1.1,9.1,17.6,114,107,1.9,0.6,2.5,0.12,2022
581,Sophie Cunningham,PHO,G,31,898,12.1,0.575,0.52,0.639,0.297,2.4,6.1,12.4,1.2,1,13.1,18.2,107,113,1.4,-0.1,1.3,0.057,2023
582,Sophie Cunningham,PHO,G,40,1109,12.7,0.618,0.571,0.75,0.288,1.7,8.2,11.3,1.9,0.8,12.3,12.8,116,109,2.2,0.5,2.7,0.097,2024
583,Sophie Cunningham,IND,G,18,415,10.7,0.583,0.537,0.66,0.277,3.5,10.6,5.7,2.1,0.4,17.3,13.8,105,102,0.4,0.6,1,0.096,2025
584,Sparkle Taylor,CHI,G,2,25,14,0.854,0.833,0.167,0.167,0,4.8,0,0,0,13.4,13.5,132,109,0.1,0,0.1,0.129,2022
585,Stefanie Dolson,NYL,C,36,826,13.1,0.586,0.55,0.288,0.183,6.2,12,13.9,0.9,2.9,18.5,16.9,105,104,1,0.9,2,0.095,2022
586,Stefanie Dolson,NYL,C,23,273,11.1,0.627,0.603,0.382,0.206,5.7,9.4,14.8,0.2,1.8,22.1,15.5,109,105,0.4,0.3,0.7,0.108,2023
587,Stefanie Dolson,WAS,C,39,1013,13.6,0.621,0.604,0.554,0.15,3.8,11.4,17.1,1,1.7,18.6,16.4,108,104,1.6,1.1,2.7,0.106,2024
588,Stefanie Dolson,WAS,C,22,356,4.2,0.398,0.377,0.558,0.065,3,8.9,14.9,1,1.9,19.3,12.4,83,104,-0.4,0.5,0,0.003,2025
589,Stephanie Jones,CON,F,5,27,11.1,0.507,0.438,0.25,0.25,4.3,4.4,11.2,1.9,0,0,15,119,102,0.1,0,0.1,0.158,2022
590,Stephanie Soares,DAL,C,22,175,5.7,0.344,0.324,0.353,0.059,12,16,7.9,0.6,3.9,25.6,11.5,80,114,-0.3,-0.1,-0.3,-0.072,2024
591,Stephanie Talbot,SEA,F,34,548,13.1,0.576,0.569,0.529,0.174,4.7,11.2,12.8,2.2,1.7,19.5,15.3,101,99,0.4,1.1,1.4,0.104,2022
592,Stephanie Talbot,LAS,F,37,600,10.1,0.479,0.448,0.403,0.234,4.2,10.1,20.5,1.6,2.4,21.3,12.9,95,108,0,0.4,0.4,0.025,2024
593,Stephanie Talbot,GSV,F,16,268,8.7,0.437,0.407,0.542,0.237,5.9,11.2,20,1.7,0.4,22.6,14.1,91,102,-0.1,0.4,0.3,0.042,2025
594,Sue Bird*,SEA,G,31,818,15,0.555,0.536,0.682,0.076,0.8,4.1,34.8,2.4,0.4,21.6,15.5,108,103,1.3,1.1,2.5,0.12,2022
595,Sug Sutton,PHO,G,40,1051,9.6,0.466,0.431,0.272,0.174,1.7,6,30.8,1.3,0.2,21.9,20.1,90,113,-1,-0.1,-1,-0.04,2023
596,Sug Sutton,WAS,G,29,379,5.4,0.395,0.367,0.519,0.165,1.9,4.3,24.8,2.2,0.2,28.6,14.4,80,111,-0.7,0.1,-0.6,-0.064,2024
597,Sug Sutton,WAS,G,21,522,12.1,0.578,0.558,0.455,0.231,0.9,3.7,21.8,2.2,0.6,19.4,14.2,105,105,0.5,0.6,1.1,0.088,2025
598,Sydney Colson,LVA,G,18,123,5.4,0.409,0.359,0.344,0.156,2.8,3.6,20.2,0.8,0,17,14.9,92,111,-0.1,0,0,-0.013,2022
599,Sydney Colson,LVA,G,28,135,13.1,0.59,0.556,0.593,0.222,3.6,5.1,21.7,3.3,0.6,16.8,11.9,122,100,0.4,0.3,0.6,0.181,2023
600,Sydney Colson,LVA,G,31,248,12.4,0.559,0.531,0.578,0.141,0.5,3.3,18.3,3,1.7,17.1,15.2,103,101,0.2,0.4,0.6,0.1,2024
601,Sydney Colson,IND,G,22,311,6.7,0.474,0.446,0.607,0.125,2,3.5,20,1.6,1.5,28,11.9,92,107,-0.1,0.3,0.2,0.019,2025
602,Sylvia Fowles*,MIN,C,30,831,23.8,0.638,0.622,0,0.328,10.7,20.6,8.2,1.9,3.9,15.9,21.6,113,100,2.2,1.5,3.7,0.179,2022
603,Taylor Mikesell,ATL,G,6,29,21.7,0.723,0.65,0.7,0.4,0,3.9,12.4,0,0,7.8,19.3,136,110,0.2,0,0.2,0.226,2023
604,Taylor Soule,CHI,F,15,53,-2.9,0.257,0.143,0.214,0.571,6.5,8.9,7.8,0,1.5,18.6,18.1,61,111,-0.3,0,-0.2,-0.181,2023
605,Taylor Soule,MIN,F,2,3,-14.3,,,,,0,19.4,0,0,0,100,15.4,0,95,0,0,0,-0.392,2024
606,Taylor Thierry,ATL,G-F,11,22,5.4,0.254,0.214,0.286,0.286,5.3,7.8,6.7,4.7,0,0,16.2,73,97,-0.1,0.1,0,-0.011,2025
607,Te-Hina PaoPao,ATL,G,21,262,16.3,0.652,0.654,0.617,0.136,2.7,6.3,23.4,1,0.6,16.5,17.7,117,105,0.7,0.3,1,0.156,2025
608,Teaira McCowan,DAL,C,33,623,24.2,0.619,0.602,0,0.606,18.3,22.5,7.8,0.9,3.2,16.1,25,114,105,2.2,0.7,2.9,0.187,2022
609,Teaira McCowan,DAL,C,30,783,20.7,0.567,0.551,0.015,0.364,14.9,19.7,9.3,1,3.9,12.7,19.5,115,104,2.2,1,3.2,0.166,2023
610,Teaira McCowan,DAL,C,39,983,20.6,0.607,0.571,0.012,0.384,13.2,19,10.4,1.7,3,16.9,19.8,113,111,2.7,0.1,2.9,0.116,2024
611,Teaira McCowan,DAL,C,14,186,19.1,0.592,0.555,0.036,0.345,13.6,18.7,7.5,1.1,5.5,17,17.6,111,107,0.4,0.1,0.5,0.115,2025
612,Temi Fagbenle,IND,C,22,415,12.6,0.554,0.518,0.105,0.246,8.9,14.7,7.5,1.3,3.2,17.6,16.4,104,108,0.4,0.2,0.7,0.067,2024
613,Temi Fagbenle,GSV,C,17,412,15.4,0.581,0.569,0.257,0.22,10.4,12.4,13.8,2.4,2.8,18.4,16,109,100,0.6,0.8,1.5,0.141,2025
614,Theresa Plaisance,LVA,F,31,401,9.6,0.515,0.504,0.767,0.086,4.6,11.2,5.4,1,2.9,14.2,15.6,95,105,0,0.4,0.4,0.042,2022
615,Tianna Hawkins,WAS,F,25,320,8.6,0.495,0.447,0.465,0.184,5.5,11,10.6,1.5,0.6,19.6,22.1,89,100,-0.4,0.6,0.2,0.028,2022
616,Tianna Hawkins,WAS,F,40,923,14.5,0.57,0.545,0.328,0.196,7.5,12.7,10.5,1.8,1.4,14,16.6,107,102,1.3,1.4,2.8,0.119,2023
617,Tiffany Hayes,ATL,G,11,303,19.1,0.64,0.62,0.347,0.339,1.1,7.7,15.3,1.3,0.3,13.7,23.5,113,105,0.9,0.3,1.2,0.157,2022
618,Tiffany Hayes,CON,G,40,1082,16,0.59,0.544,0.371,0.357,4.2,6.6,16.4,1.6,0.3,12.1,19.5,114,105,2.9,1.3,4.2,0.154,2023
619,Tiffany Hayes,LVA,G,33,708,17.9,0.609,0.575,0.373,0.382,4.5,7.5,15.9,1.8,1.1,9.8,18.6,119,104,2.3,0.9,3.2,0.182,2024
620,Tiffany Hayes,GSV,G,15,395,15.8,0.59,0.541,0.434,0.276,2,7.9,19.8,0.9,0.8,15.6,21.9,108,104,0.8,0.5,1.3,0.128,2025
621,Tiffany Mitchell,IND,G,34,553,13.4,0.539,0.484,0.17,0.286,4,4.3,13,2.5,0.3,12.8,18.4,105,112,0.7,0,0.7,0.052,2022
622,Tiffany Mitchell,MIN,G,33,763,6.7,0.496,0.434,0.211,0.31,2.8,5.8,16.2,1.1,0.3,22.4,18.5,89,111,-0.7,0.1,-0.6,-0.032,2023
623,Tiffany Mitchell,CON,G,24,392,7.9,0.457,0.376,0.22,0.422,3.4,5.8,7.7,1.5,0.2,10.4,17,95,101,0,0.6,0.6,0.064,2024
624,Tiffany Mitchell,SEA,G,19,268,9.2,0.566,0.5,0.316,0.614,3.5,7.2,4.9,1.7,1,17.2,14.8,100,107,0.1,0.2,0.4,0.054,2025
625,Tina Charles,SEA,C,34,983,16.5,0.536,0.502,0.254,0.187,5.9,14.7,12.9,1.2,2,13.5,25.2,99,102,0.6,1.4,2,0.08,2022
626,Tina Charles,ATL,C,39,1160,19.5,0.501,0.466,0.079,0.201,9.3,18.4,16,1.6,1.6,9.5,25,103,100,1.7,2,3.7,0.129,2024
627,Tina Charles,CON,C,22,633,15.3,0.484,0.408,0.068,0.343,6.2,11.5,12.5,1.4,1.2,12.8,29.5,94,115,-0.3,-0.3,-0.5,-0.033,2025
628,Tina Krajisnik,CHI,C,2,5,9.4,0,0,0,0,0,0,49.5,10.1,0,0,9.1,89,89,0,0,0,0.115,2022
629,Tyasha Harris,DAL,G,35,552,11.3,0.496,0.47,0.327,0.145,1.3,3.5,29.2,1.2,0.6,18.1,17.4,101,111,0.4,0.1,0.5,0.037,2022
630,Tyasha Harris,CON,G,40,668,10.6,0.523,0.51,0.402,0.12,0.9,3,16.5,2.2,0.4,15.7,17.7,97,104,0.1,0.8,0.9,0.055,2023
631,Tyasha Harris,CON,G,39,1125,13.2,0.546,0.513,0.446,0.226,1.1,3.8,17.5,1.9,1.1,12.6,17.6,106,100,1.6,2,3.6,0.127,2024
632,Tyasha Harris,DAL,G,5,82,14.2,0.609,0.583,0.611,0.111,1.3,3.5,24.8,1.2,2.3,13.7,11.5,127,114,0.2,0,0.2,0.102,2025
633,Veronica Burton,DAL,G,36,548,10.1,0.522,0.408,0.566,0.421,3.8,5.9,17.9,3.2,1.8,28,10.2,102,105,0.3,0.6,0.9,0.065,2022
634,Veronica Burton,DAL,G,40,555,11.8,0.47,0.371,0.565,0.4,4.4,7.2,20.8,2.6,1.6,14.5,8.9,120,106,1,0.5,1.6,0.113,2023
635,Veronica Burton,CON,G,31,393,13.6,0.544,0.451,0.514,0.514,4,6.9,22.3,1.9,1.7,14.5,12.1,118,99,0.9,0.8,1.7,0.171,2024
636,Veronica Burton,GSV,G,22,637,17.3,0.535,0.441,0.476,0.476,4.6,8.1,32.7,2,1.8,15.7,18.9,114,102,1.7,1,2.7,0.172,2025
637,Victaria Saxton,IND,F,15,54,1.7,0.451,0.361,0.111,0.389,4.4,11.2,0,1,0,22.2,22.5,77,110,-0.2,0,-0.1,-0.109,2023
638,Victaria Saxton,IND,F,9,23,0.1,0.405,0.389,0.444,0.222,0,7.6,0,0,0,9.2,21,76,114,-0.1,0,-0.1,-0.125,2024
639,Victoria Vivians,IND,G-F,35,940,7.7,0.425,0.395,0.419,0.165,2.7,7.8,15.9,2,0.8,15.2,21.8,84,111,-1.6,0.2,-1.5,-0.063,2022
640,Victoria Vivians,IND,G-F,38,674,9.9,0.478,0.451,0.49,0.156,3.4,10.7,11.4,2.1,0.8,13.1,15.7,97,107,0.1,0.5,0.6,0.038,2023
641,Victoria Vivians,SEA,G-F,35,445,7.2,0.433,0.423,0.561,0.073,4.8,8.8,9.6,1.5,1.4,13.6,14.5,89,102,-0.3,0.6,0.3,0.031,2024
642,Yvonne Anderson,CON,G,11,101,10.4,0.602,0.538,0.385,0.269,3.7,5.4,17.7,1.5,1.8,27.4,17.4,101,102,0.1,0.2,0.2,0.093,2022
643,Yvonne Turner,PHO,G,9,139,5.1,0.43,0.365,0.189,0.297,2.6,5.9,20.4,1.1,0,23.7,17.7,84,110,-0.2,0,-0.2,-0.054,2022
644,Yvonne Turner,SEA,G,21,193,9.9,0.542,0.476,0.073,0.439,1.2,6.7,15.7,2.1,0.9,22.3,14.4,96,107,0,0.2,0.2,0.034,2023
645,Zia Cooke,LAS,G,39,549,4.5,0.38,0.329,0.307,0.213,2.1,4.1,9.6,1.2,2,10.5,22.9,77,106,-1.7,0.5,-1.2,-0.091,2023
646,Zia Cooke,LAS,G,29,257,5.1,0.413,0.371,0.33,0.259,1.4,4.2,11.8,1.8,1,14.4,25.3,78,111,-0.8,0,-0.8,-0.12,2024
647,Zia Cooke,SEA,G,21,217,3.8,0.417,0.391,0.435,0.217,3.3,3,8.4,2.1,0.4,17.5,19.4,78,106,-0.6,0.2,-0.4,-0.067,2025